ID,Country.of.Origin,Aroma,Flavor,Aftertaste,Acidity,Body,Balance,Uniformity,Clean.Cup,Sweetness,Cupper.Points,Total.Cup.Points,Moisture
1,Ethiopia,8.67,8.83,8.67,8.75,8.5,8.42,10,10,10,8.75,90.58,0.12
2,Ethiopia,8.75,8.67,8.5,8.58,8.42,8.42,10,10,10,8.58,89.92,0.12
3,Guatemala,8.42,8.5,8.42,8.42,8.33,8.42,10,10,10,9.25,89.75,0
4,Ethiopia,8.17,8.58,8.42,8.42,8.5,8.25,10,10,10,8.67,89,0.11
5,Ethiopia,8.25,8.5,8.25,8.5,8.42,8.33,10,10,10,8.58,88.83,0.12
6,Brazil,8.58,8.42,8.42,8.5,8.25,8.33,10,10,10,8.33,88.83,0.11
7,Peru,8.42,8.5,8.33,8.5,8.25,8.25,10,10,10,8.5,88.75,0.11
8,Ethiopia,8.25,8.33,8.5,8.42,8.33,8.5,10,10,9.33,9,88.67,0.03
9,Ethiopia,8.67,8.67,8.58,8.42,8.33,8.42,9.33,10,9.33,8.67,88.42,0.03
10,Ethiopia,8.08,8.58,8.5,8.5,7.67,8.42,10,10,10,8.5,88.25,0.1
11,Ethiopia,8.17,8.67,8.25,8.5,7.75,8.17,10,10,10,8.58,88.08,0.1
12,United States,8.25,8.42,8.17,8.33,8.08,8.17,10,10,10,8.5,87.92,0
13,United States,8.08,8.67,8.33,8.42,8,8.08,10,10,10,8.33,87.92,0
14,United States (Hawaii),8.33,8.42,8.08,8.25,8.25,8,10,10,10,8.58,87.92,0
15,Ethiopia,8.25,8.33,8.5,8.25,8.58,8.75,9.33,10,9.33,8.5,87.83,0.05
16,United States,8,8.5,8.58,8.17,8.17,8,10,10,10,8.17,87.58,0
17,Indonesia,8.33,8.25,7.83,7.75,8.5,8.42,10,10,10,8.33,87.42,0.03
18,Ethiopia,8.17,8.33,8.25,8.33,8.42,8.33,9.33,10,9.33,8.83,87.33,0.05
19,China,8.42,8.25,8.08,8.17,7.92,8,10,10,10,8.42,87.25,0.1
20,Ethiopia,8.17,8.17,8,8.17,8.08,8.33,10,10,10,8.33,87.25,0
21,United States,8,8.25,8.08,8.5,8.25,8,10,10,10,8.17,87.25,0
22,Costa Rica,8.08,8.25,8,8.17,8,8.33,10,10,10,8.33,87.17,0.11
23,Mexico,8.17,8.25,8.17,8,7.83,8.17,10,10,10,8.58,87.17,0.13
24,United States,8.25,8.33,8.17,8.17,7.83,8.17,10,10,10,8.17,87.08,0
25,Ethiopia,8.42,8.17,7.92,8.17,8.33,8,10,10,10,8.08,87.08,0.11
26,Brazil,8.5,8.5,8,8,8,8,10,10,10,7.92,86.92,0.12
27,Ethiopia,7.83,8.25,8.08,8.17,8.17,8.17,10,10,10,8.25,86.92,0.05
28,Uganda,8.42,8.17,8.17,8.17,7.83,7.92,10,10,10,8.17,86.83,0.12
29,Honduras,8.17,8.08,8.08,8,8.08,8,10,10,10,8.25,86.67,0.1
30,Taiwan,8,8,8,8.25,8,8.17,10,10,10,8.17,86.58,0
31,Nicaragua,7.92,8.25,8,8.33,8,8.08,10,10,10,8,86.58,0.08
32,"Tanzania, United Republic Of",8.42,8.17,8.17,8,7.58,8,10,10,10,8.17,86.5,0.11
33,Brazil,8.5,8.17,8,7.75,8,8,10,10,10,8,86.42,0.12
34,Costa Rica,8.17,7.83,8,8.08,7.83,8,10,10,10,8.42,86.33,0
35,Ethiopia,8,8.08,7.92,8,8.08,8.08,10,10,10,8.08,86.25,0.1
36,Kenya,8.08,8,8,8.25,7.92,7.92,10,10,10,8.08,86.25,0.12
37,United States (Hawaii),8.08,8.17,8,7.92,7.92,7.83,10,10,10,8.33,86.25,0
38,United States (Hawaii),8.25,8.42,8.08,7.75,7.67,7.83,10,10,10,8.25,86.25,0
39,Ethiopia,7.92,7.75,8.08,8.08,8.08,8.17,10,10,10,8.17,86.25,0.1
40,United States,7.67,8.17,8,8,8.17,8.08,10,10,10,8.08,86.17,0
41,Thailand,7.83,8.33,7.83,8.25,7.58,7.92,10,10,10,8.42,86.17,0.1
42,Brazil,8.17,7.92,7.92,7.75,8.33,8,10,10,10,8.08,86.17,0.08
43,Brazil,8.42,7.92,8,7.75,7.92,8,10,10,10,8.17,86.17,0.01
44,Taiwan,8.08,8.17,7.75,8.08,7.75,7.83,10,10,10,8.42,86.08,0.12
45,Kenya,8.08,8.08,8,8,7.83,8.08,10,10,10,8,86.08,0.11
46,Brazil,8.33,8,8,8,7.75,8,10,10,10,8,86.08,0.11
47,Uganda,8.08,8.08,7.83,7.92,8.08,7.92,10,10,10,8.08,86,0
48,Colombia,7.75,7.92,7.83,8.08,8.08,8.17,10,10,10,8.17,86,0.12
49,Kenya,7.92,8.17,7.83,8.5,7.5,7.92,10,10,10,8.17,86,0.11
50,Uganda,8.25,8,7.83,8.08,8,7.92,10,10,10,7.92,86,0.1
51,Ethiopia,7.75,8.08,8,8.25,8,8,10,10,10,7.92,86,0.01
52,United States (Hawaii),8.33,8.17,7.75,8,7.75,7.83,10,10,10,8.17,86,0
53,Guatemala,7.92,8.08,7.92,8.08,8.08,7.83,10,10,10,8,85.92,0.1
54,Uganda,8.17,8.17,7.92,8.08,7.83,7.75,10,10,10,8,85.92,0.12
55,Colombia,8,8,8,8.17,7.83,8,10,10,10,7.92,85.92,0
56,Panama,8,8,7.92,8.08,7.83,8,10,10,10,8,85.83,0.08
57,Ethiopia,7.83,8.08,7.92,8.08,8,7.92,10,10,10,8,85.83,0.1
58,Guatemala,7.83,8,8,8.17,7.83,8,10,10,10,8,85.83,0.12
59,Guatemala,8,8,7.83,8.33,7.83,7.83,10,10,10,8,85.83,0.1
60,Ethiopia,7.83,8,7.83,8.17,7.92,8,10,10,10,8,85.75,0.09
61,Peru,8,8,8,8.08,7.92,7.75,10,10,10,8,85.75,0.1
62,Papua New Guinea,8.33,8.42,7.83,8.33,8,8.25,9.33,9.33,10,7.92,85.75,0.12
63,El Salvador,7.92,8.17,8,7.92,7.75,7.83,10,10,10,8,85.58,0.1
64,El Salvador,7.83,8,8,7.75,7.92,8.17,10,10,10,7.92,85.58,0.11
65,United States (Hawaii),7.83,8,7.92,7.75,8.08,8,10,10,10,8,85.58,0
66,Panama,8,7.75,7.83,7.83,7.67,8.58,10,10,10,7.83,85.5,0.09
67,Kenya,7.92,7.92,7.83,8.08,7.83,7.92,10,10,10,8,85.5,0.1
68,Ethiopia,7.83,8,7.83,7.92,7.83,8.08,10,10,10,8,85.5,0.12
69,Uganda,8.33,7.92,7.67,7.92,7.67,7.92,10,10,10,8.08,85.5,0.12
70,Guatemala,8,7.83,7.67,8.33,7.83,8,10,10,10,7.83,85.5,0.11
71,Ethiopia,7.75,7.83,7.83,8.17,7.92,7.83,10,10,10,8.08,85.42,0.1
72,Uganda,8.08,8,7.83,7.67,8,7.83,10,10,10,8,85.42,0.12
73,United States (Hawaii),7.92,7.92,7.75,7.92,7.75,7.92,10,10,10,8.25,85.42,0
74,Brazil,8,8,8,7.67,7.75,8,10,10,10,8,85.42,0.11
75,El Salvador,8.08,7.83,7.83,8.08,7.83,7.83,10,10,10,7.92,85.42,0.01
76,China,8,8,8,7.83,7.83,7.75,10,10,10,7.92,85.33,0.1
77,Guatemala,7.83,7.75,7.83,7.67,7.83,8.58,10,10,10,7.83,85.33,0.11
78,Costa Rica,7.92,8.08,8,7.92,8,8.08,10,10,9.33,8,85.33,0
79,Costa Rica,8,7.58,7.58,7.67,8.08,8.5,10,10,10,7.92,85.33,0.1
80,Kenya,7.83,8.08,7.75,8.08,7.92,7.75,10,10,10,7.92,85.33,0
81,Kenya,8,7.92,7.92,8.08,7.83,7.75,10,10,10,7.83,85.33,0
82,Ethiopia,7.83,7.83,7.92,8.08,7.75,7.83,10,10,10,8.08,85.33,0.05
83,Ethiopia,7.92,7.83,7.75,8.33,7.75,7.75,10,10,10,8,85.33,0.1
84,Guatemala,8,7.92,7.75,8,7.92,7.83,10,10,10,7.83,85.25,0.1
85,Colombia,8.17,7.92,7.83,8,7.58,7.83,10,10,10,7.92,85.25,0.11
86,Colombia,7.58,8.08,7.92,7.83,8,7.92,10,10,10,7.92,85.25,0.12
87,Indonesia,7.75,7.83,7.67,8,8.08,7.83,10,10,10,8,85.17,0.11
88,Guatemala,8.25,8,7.67,7.92,7.75,7.67,10,10,10,7.92,85.17,0
89,Ethiopia,7.75,8,7.58,8,8,7.92,10,10,10,7.83,85.08,0.11
90,Colombia,8.17,7.83,7.58,8.08,8,7.75,10,10,10,7.67,85.08,0
91,Ethiopia,8.42,8,7.42,8,7.92,7.92,9.33,10,10,8.08,85.08,0.1
92,United States (Hawaii),7.58,7.83,7.83,7.92,7.83,8.17,10,10,10,7.92,85.08,0.11
93,Colombia,7.83,8,7.75,7.75,7.83,7.83,10,10,10,8.08,85.08,0.11
94,United States (Hawaii),8.08,8.17,7.92,8,8.08,8,9.33,9.33,10,8.17,85.08,0.01
95,Ethiopia,7.67,8,7.83,8,7.92,7.83,10,10,10,7.83,85.08,0
96,United States (Hawaii),7.5,7.92,8.25,7.83,7.92,7.75,10,10,10,7.92,85.08,0
97,Uganda,8.17,7.92,7.75,7.75,7.67,7.75,10,10,10,8,85,0.11
98,Colombia,8,7.92,7.75,7.92,7.75,7.83,10,10,10,7.83,85,0
99,Costa Rica,7.83,8,7.58,7.92,7.92,7.83,10,10,10,7.92,85,0.12
100,Mexico,7.83,8,7.83,7.75,7.67,7.83,10,10,10,8.08,85,0.09
101,Kenya,8.17,7.83,7.92,7.75,7.67,7.83,10,10,10,7.83,85,0.11
102,Kenya,7.75,7.83,7.75,8.08,8,7.75,10,10,10,7.83,85,0
103,Brazil,8,8,7.83,7.83,7.67,7.67,10,10,10,8,85,0.12
104,Mexico,7.92,8.17,7.75,8.08,7.42,7.83,10,10,10,7.83,85,0
105,United States (Hawaii),7.75,7.92,7.75,7.75,8,8,10,10,10,7.83,85,0
106,Guatemala,7.83,8.08,7.67,8,7.75,7.67,10,10,10,8,85,0.04
107,Colombia,7.92,7.92,7.67,7.83,7.92,7.83,10,10,10,7.83,84.92,0
108,Colombia,7.92,7.83,7.75,7.83,7.75,8,10,10,10,7.83,84.92,0.12
109,Taiwan,7.67,7.83,8,7.58,8,7.92,10,10,10,7.92,84.92,0.11
110,"Tanzania, United Republic Of",8,7.83,7.83,7.92,7.75,7.75,10,10,10,7.83,84.92,0.12
111,Colombia,7.75,7.92,7.83,7.75,7.75,8,10,10,10,7.92,84.92,0.11
112,Mexico,7.75,8,7.75,7.83,7.5,7.92,10,10,10,8.17,84.92,0.11
113,Brazil,8,7.92,7.75,7.75,8,7.75,10,10,10,7.75,84.92,0.11
114,Brazil,8,8,7.75,8,7.5,7.75,10,10,10,7.92,84.92,0.12
115,Kenya,8,7.67,7.83,8.17,7.92,7.75,10,10,10,7.58,84.92,0.06
116,Taiwan,7.92,7.58,7.83,7.83,7.83,7.83,10,10,10,8,84.83,0
117,Uganda,7.75,7.92,7.67,7.67,8.25,7.75,10,10,10,7.83,84.83,0.12
118,United States (Hawaii),7.67,7.75,7.75,7.75,7.83,8,10,10,10,8.08,84.83,0
119,Ethiopia,7.75,7.92,7.83,7.92,7.75,7.67,10,10,10,8,84.83,0.1
120,Ethiopia,7.42,7.92,7.92,8,7.83,7.83,10,10,10,7.92,84.83,0.1
121,Thailand,7.75,7.75,7.75,7.75,8,7.75,10,10,10,8,84.75,0.12
122,Kenya,7.92,7.83,7.58,7.92,7.75,7.83,10,10,10,7.92,84.75,0.13
123,Honduras,7.83,7.75,8,7.67,7.67,7.67,10,10,10,8.17,84.75,0.11
124,El Salvador,7.75,8,8,8.33,7.67,7.92,10,10,9.33,7.75,84.75,0.15
125,Nicaragua,7.83,7.58,7.58,7.83,7.75,7.67,10,10,10,8.5,84.75,0.18
126,El Salvador,7.83,7.83,7.5,8,7.83,7.67,10,10,10,8,84.67,0
127,Indonesia,7.92,7.83,7.75,7.75,7.75,7.75,10,10,10,7.92,84.67,0.12
128,Japan,7.75,7.75,7.75,7.42,8.08,7.83,10,10,10,8.08,84.67,0.12
129,Costa Rica,8.08,7.75,7.67,7.83,7.5,7.92,10,10,10,7.92,84.67,0.1
130,Guatemala,7.75,7.83,7.58,8,7.92,7.75,10,10,10,7.83,84.67,0.1
131,Costa Rica,8.17,8,7.83,7.17,7.83,7.75,10,10,10,7.92,84.67,0.12
132,Ethiopia,8.08,7.83,7.75,7.83,7.58,7.67,10,10,10,7.92,84.67,0.1
133,Costa Rica,7.67,7.58,7.75,7.75,7.67,8.58,10,10,10,7.67,84.67,0.08
134,Costa Rica,8,7.58,7.83,7.75,7.75,7.75,10,10,10,8,84.67,0.11
135,Costa Rica,8.08,7.83,7.75,7.83,7.92,8,10,10,9.33,7.92,84.67,0
136,Taiwan,8,7.92,7.75,7.75,7.75,7.75,10,10,10,7.75,84.67,0.11
137,Colombia,7.75,7.83,7.75,7.83,7.75,7.83,10,10,10,7.92,84.67,0
138,Kenya,7.75,7.92,7.83,8,7.58,7.75,10,10,10,7.83,84.67,0.11
139,Guatemala,8,7.83,7.67,7.83,7.67,8,10,10,10,7.67,84.67,0.11
140,Guatemala,7.67,7.83,7.67,8,7.67,7.83,10,10,10,8,84.67,0.12
141,Mexico,7.83,7.58,7.67,7.92,7.92,7.83,10,10,10,7.92,84.67,0.13
142,Uganda,7.92,7.83,7.75,7.92,7.67,7.75,10,10,10,7.83,84.67,0.11
143,Peru,7.67,7.83,7.75,7.75,7.92,7.83,10,10,10,7.92,84.67,0
144,Ethiopia,7.42,7.75,7.75,8,8,7.92,10,10,10,7.83,84.67,0.2
145,Kenya,7.92,7.75,7.83,7.75,7.58,7.92,10,10,10,7.83,84.58,0.11
146,Colombia,7.83,7.67,7.58,7.92,7.67,7.83,10,10,10,8.08,84.58,0
147,Colombia,7.92,7.83,7.58,8,7.83,7.67,10,10,10,7.75,84.58,0
148,Kenya,7.83,7.83,7.83,7.75,7.58,7.83,10,10,10,7.92,84.58,0.1
149,Guatemala,7.75,7.83,7.67,7.92,7.75,7.83,10,10,10,7.83,84.58,0.11
150,Guatemala,8,7.92,7.67,7.58,7.58,7.67,10,10,10,8.17,84.58,0.09
151,Colombia,7.67,7.67,7.58,7.75,7.58,8.5,10,10,10,7.83,84.58,0
152,Colombia,7.75,7.75,7.83,7.75,7.58,8,10,10,10,7.92,84.58,0
153,Kenya,7.75,7.75,7.75,8.08,7.75,7.75,10,10,10,7.75,84.58,0
154,Colombia,7.67,7.83,7.83,8,7.58,7.92,10,10,10,7.75,84.58,0
155,Costa Rica,7.75,7.83,7.75,8,7.83,7.67,10,10,10,7.75,84.58,0.12
156,Colombia,7.42,7.67,7.75,7.75,8.08,7.83,10,10,10,8.08,84.58,0.11
157,Brazil,8,8,7.75,7.75,7.58,7.75,10,10,10,7.75,84.58,0.12
158,Brazil,8.5,8,7.5,7.75,7.5,7.83,10,10,10,7.5,84.58,0.11
159,Costa Rica,7.92,7.67,7.92,7.75,7.67,7.58,10,10,10,8,84.5,0.1
160,Uganda,7.92,7.75,7.67,7.75,7.83,7.75,10,10,10,7.83,84.5,0.11
161,China,7.75,7.92,7.67,7.83,7.75,7.67,10,10,10,7.92,84.5,0.1
162,Costa Rica,7.92,7.83,7.83,7.83,7.58,7.58,10,10,10,7.92,84.5,0.11
163,Colombia,8.08,7.67,7.83,7.83,7.67,7.67,10,10,10,7.75,84.5,0.12
164,China,7.67,8,7.75,7.83,7.75,7.58,10,10,10,7.92,84.5,0
165,Guatemala,8.17,7.83,7.67,7.83,7.67,7.83,10,10,10,7.5,84.5,0.11
166,Kenya,7.92,7.83,7.67,8,7.67,7.75,10,10,10,7.67,84.5,0.11
167,Mexico,8,7.92,7.42,8.08,7.5,7.67,10,10,10,7.92,84.5,0.12
168,Mexico,7.92,7.83,7.75,7.75,7.75,7.83,10,10,10,7.67,84.5,0.11
169,Guatemala,7.67,8,7.67,8,7.5,7.83,10,10,10,7.83,84.5,0.11
170,Brazil,7.81,7.81,7.88,7.75,7.38,8.25,9.5,10,10,8.13,84.5,0
171,Brazil,8.17,7.67,7.75,7.75,7.67,7.75,10,10,10,7.75,84.5,0
172,Costa Rica,7.58,7.83,7.83,8,7.67,7.58,10,10,10,7.92,84.42,0.1
173,Indonesia,7.67,7.67,7.83,7.58,7.83,7.83,10,10,10,8,84.42,0
174,Colombia,7.92,7.83,7.75,7.67,7.92,7.67,10,10,10,7.67,84.42,0
175,Colombia,7.92,7.75,7.67,7.92,7.67,7.75,10,10,10,7.75,84.42,0
176,Taiwan,7.83,7.83,7.75,8,7.5,7.75,10,10,10,7.75,84.42,0.11
177,United States (Hawaii),7.92,7.92,7.5,7.83,7.5,7.92,10,10,10,7.83,84.42,0.11
178,Mexico,7.75,7.92,7.75,7.67,7.83,7.67,10,10,10,7.83,84.42,0.12
179,Ethiopia,7.5,7.75,7.83,7.92,7.92,7.75,10,10,10,7.75,84.42,0.2
180,Kenya,7.33,7.58,7.83,7.75,7.75,7.92,10,10,10,8.17,84.33,0.11
181,Honduras,7.92,8,7.75,7.67,7.67,7.75,10,10,10,7.58,84.33,0.1
182,Colombia,7.58,7.75,7.5,7.83,7.67,8.5,10,10,10,7.5,84.33,0
183,Honduras,7.58,7.92,7.58,7.75,7.92,7.75,10,10,10,7.83,84.33,0.11
184,Colombia,7.67,7.67,7.75,7.83,7.75,7.83,10,10,10,7.83,84.33,0
185,Colombia,7.75,7.67,8,7.67,8.08,7.83,10,10,10,7.33,84.33,0.11
186,Colombia,7.75,7.58,7.33,7.83,7.58,8.08,10,10,10,8.17,84.33,0
187,Mexico,8,7.75,7.75,7.83,7.5,7.67,10,10,10,7.83,84.33,0.12
188,Brazil,8.17,8,7.5,7.75,7.5,7.67,10,10,10,7.75,84.33,0
189,Brazil,8,8,7.5,7.5,7.67,7.75,10,10,10,7.92,84.33,0.02
190,Ethiopia,7.75,7.75,7.92,7.75,7.5,7.92,10,10,10,7.75,84.33,0
191,Guatemala,7.5,7.67,7.75,7.67,7.92,7.92,10,10,10,7.92,84.33,0.04
192,Taiwan,7.92,7.75,7.75,7.67,7.67,7.83,10,10,10,7.67,84.25,0.12
193,Thailand,7.83,7.75,7.75,7.42,7.83,7.67,10,10,10,8,84.25,0.12
194,Colombia,7.83,7.58,7.75,7.58,7.67,8,10,10,10,7.83,84.25,0.11
195,Guatemala,7.75,7.75,7.58,7.92,7.75,7.75,10,10,10,7.75,84.25,0.11
196,Guatemala,7.75,7.92,7.5,8.08,7.58,7.67,10,10,10,7.75,84.25,0.1
197,China,7.83,7.83,7.58,7.75,7.75,7.75,10,10,10,7.75,84.25,0.1
198,Colombia,7.67,7.67,7.75,7.75,7.67,7.92,10,10,10,7.83,84.25,0.11
199,Colombia,7.83,7.67,7.75,7.58,7.92,7.75,10,10,10,7.75,84.25,0.12
200,Colombia,7.83,7.75,7.83,7.58,7.67,7.75,10,10,10,7.83,84.25,0.12
201,Colombia,7.42,7.67,7.83,7.75,7.92,7.83,10,10,10,7.83,84.25,0.12
202,"Tanzania, United Republic Of",7.83,7.67,7.75,7.83,7.67,7.67,10,10,10,7.83,84.25,0.12
203,"Tanzania, United Republic Of",7.83,7.75,7.75,7.75,7.67,7.75,10,10,10,7.75,84.25,0.12
204,Guatemala,7.83,7.83,7.5,7.92,7.58,7.75,10,10,10,7.83,84.25,0.1
205,Colombia,7.58,7.5,7.75,7.83,7.92,7.83,10,10,10,7.83,84.25,0.11
206,United States (Hawaii),7.33,7.92,7.92,7.92,7.92,8.08,10,10,9.33,7.83,84.25,0.11
207,Mexico,7.83,7.92,7.67,7.83,7.5,7.75,10,10,10,7.75,84.25,0.12
208,Mexico,7.83,7.83,7.75,7.67,7.83,7.58,10,10,10,7.75,84.25,0.12
209,Mexico,7.83,7.92,7.67,7.75,7.5,7.75,10,10,10,7.83,84.25,0.1
210,Uganda,8.17,7.75,7.58,7.67,7.83,7.58,10,10,10,7.67,84.25,0.13
211,Guatemala,7.75,7.83,7.58,7.83,7.67,7.75,10,10,10,7.75,84.17,0.13
212,Colombia,7.83,7.75,7.58,7.67,7.75,7.83,10,10,10,7.75,84.17,0
213,Costa Rica,7.92,7.75,7.67,7.67,7.5,7.67,10,10,10,8,84.17,0.09
214,Guatemala,7.75,7.75,7.58,8,7.67,7.83,10,10,10,7.58,84.17,0.11
215,Guatemala,7.75,7.92,7.58,7.92,7.67,7.67,10,10,10,7.67,84.17,0.1
216,Guatemala,7.58,7.83,7.58,7.83,7.83,7.67,10,10,10,7.83,84.17,0.1
217,Colombia,8,7.5,7.5,7.67,8,7.83,10,10,10,7.67,84.17,0
218,Nicaragua,7.67,7.83,7.83,7.5,7.67,7.83,10,10,10,7.83,84.17,0.12
219,Brazil,7.67,7.75,7.75,7.67,7.83,7.75,10,10,10,7.75,84.17,0
220,Costa Rica,7.67,7.75,7.67,7.75,7.5,8,10,10,10,7.83,84.17,0
221,Ethiopia,7.5,7.92,7.58,7.83,7.75,7.83,10,10,10,7.75,84.17,0.1
222,"Tanzania, United Republic Of",7.92,7.75,7.75,7.75,7.75,7.58,10,10,10,7.67,84.17,0.13
223,Colombia,7.67,7.5,7.67,7.42,7.83,8.58,10,10,10,7.5,84.17,0.12
224,Guatemala,7.67,7.75,7.67,7.75,7.75,7.75,10,10,10,7.83,84.17,0.11
225,Kenya,7.58,7.75,7.75,7.75,7.75,7.83,10,10,10,7.75,84.17,0.08
226,Brazil,7.58,7.83,7.75,7.67,7.67,8,10,10,10,7.67,84.17,0.11
227,Guatemala,7.92,7.75,7.67,7.67,7.83,7.92,10,10,10,7.42,84.17,0.11
228,El Salvador,8.42,8.08,7.5,7.17,7.58,8.17,9.33,10,10,7.92,84.17,0.11
229,Colombia,7.75,7.75,7.75,7.75,7.83,7.75,10,10,10,7.58,84.17,0
230,Guatemala,7.83,7.5,7.5,8,7.83,7.83,10,10,10,7.67,84.17,0.11
231,Uganda,7.83,7.75,7.5,7.83,7.83,7.75,10,10,10,7.67,84.17,0.11
232,Indonesia,7.81,7.88,7.56,7.75,7.63,7.75,10,10,10,7.75,84.13,0.12
233,Colombia,7.83,7.5,7.42,7.5,7.83,8.5,10,10,10,7.5,84.08,0
234,Taiwan,7.58,7.67,7.67,7.67,7.75,7.83,10,10,10,7.92,84.08,0.1
235,Guatemala,8,7.75,7.5,7.58,7.92,7.67,10,10,10,7.67,84.08,0.1
236,Colombia,7.92,7.75,7.67,7.75,7.67,7.67,10,10,10,7.67,84.08,0
237,Guatemala,7.58,7.75,7.67,8,7.75,7.67,10,10,10,7.67,84.08,0.1
238,United States (Hawaii),7.83,7.75,7.83,7.83,7.42,8.08,9.33,10,10,8,84.08,0.11
239,Mexico,7.67,7.75,7.67,7.75,7.67,7.75,10,10,10,7.83,84.08,0.11
240,Ethiopia,7.92,7.92,7.83,8,7.92,7.92,10,10,8.67,7.92,84.08,0.09
241,Costa Rica,7.58,7.75,7.67,7.75,7.83,7.75,10,10,10,7.67,84,0.08
242,Ethiopia,7.83,7.75,7.67,7.75,7.33,7.75,10,10,10,7.92,84,0.11
243,Honduras,7.42,7.83,7.75,7.92,7.75,7.58,10,10,10,7.75,84,0.1
244,Guatemala,7.67,7.83,7.58,7.92,7.75,7.67,10,10,10,7.58,84,0.12
245,Colombia,7.67,7.67,7.83,7.58,7.58,7.83,10,10,10,7.83,84,0.11
246,Guatemala,7.92,7.67,7.42,7.92,7.75,7.83,10,10,10,7.5,84,0.1
247,Guatemala,7.75,7.83,7.5,7.83,7.58,7.67,10,10,10,7.83,84,0.1
248,Colombia,7.67,7.75,7.67,7.67,7.67,7.75,10,10,10,7.83,84,0.12
249,Colombia,7.58,7.42,7.75,7.92,7.75,7.92,10,10,10,7.67,84,0.12
250,Colombia,7.67,7.67,7.5,7.5,7.67,7.67,10,10,10,8.33,84,0.12
251,Ethiopia,7.75,7.75,7.5,7.58,7.67,7.92,10,10,10,7.83,84,0.09
252,Brazil,7.58,7.83,7.67,7.25,8,7.75,10,10,10,7.92,84,0.1
253,Colombia,7.67,7.83,7.67,7.75,7.67,7.75,10,10,10,7.67,84,0.11
254,Kenya,7.67,7.83,7.5,7.75,7.92,7.67,10,10,10,7.67,84,0
255,Thailand,7.92,8.17,8.17,8.42,8.08,8.17,8.67,8.67,9.33,8.42,84,0.12
256,Kenya,7.67,7.75,7.67,7.75,7.83,7.67,10,10,10,7.67,84,0
257,Uganda,7.92,7.75,7.58,7.67,7.67,7.83,10,10,10,7.58,84,0.1
258,Thailand,7.58,7.75,7.58,7.75,7.58,7.75,10,10,10,8,84,0.06
259,Brazil,7.5,7.75,7.58,7.5,7.58,7.5,10,10,10,8.5,83.92,0
260,Mexico,7.83,7.83,7.58,7.92,7.42,7.5,10,10,10,7.83,83.92,0.11
261,Thailand,7.67,7.75,7.5,7.67,7.67,7.83,10,10,10,7.83,83.92,0.1
262,Brazil,7.58,7.67,7.67,7.75,7.58,7.83,10,10,10,7.83,83.92,0.11
263,Taiwan,7.83,7.75,7.83,7.75,7.83,7.75,9.33,10,10,7.83,83.92,0.11
264,Colombia,7.75,7.67,7.5,7.75,7.83,7.75,10,10,10,7.67,83.92,0.11
265,Colombia,7.75,7.58,7.5,7.83,7.75,7.92,10,10,10,7.58,83.92,0
266,Taiwan,7.75,7.75,7.58,7.75,7.75,7.67,10,10,10,7.67,83.92,0
267,Colombia,7.92,7.67,7.5,7.83,7.58,7.67,10,10,10,7.75,83.92,0
268,Colombia,7.83,7.75,7.58,7.58,7.75,7.75,10,10,10,7.67,83.92,0
269,Colombia,7.75,7.58,7.67,7.83,7.83,7.67,10,10,10,7.58,83.92,0
270,Taiwan,8,7.92,7.92,7.92,7.67,7.33,10,10,10,7.17,83.92,0.06
271,Colombia,7.67,7.83,7.67,7.75,7.67,7.83,10,10,10,7.5,83.92,0.12
272,Mexico,7.67,7.75,7.58,7.67,7.75,7.83,10,10,10,7.67,83.92,0.12
273,Mexico,7.5,7.67,7.58,7.83,7.75,7.75,10,10,10,7.83,83.92,0.11
274,Mexico,7.75,7.92,7.83,7.92,7.75,7.67,9.33,10,10,7.75,83.92,0
275,Colombia,7.92,7.58,7.5,7.83,7.58,7.67,10,10,10,7.75,83.83,0
276,Colombia,7.83,7.67,7.5,7.75,7.75,7.75,10,10,10,7.58,83.83,0
277,Costa Rica,7.67,7.67,7.75,7.67,7.5,7.75,10,10,10,7.83,83.83,0
278,Guatemala,7.75,7.75,7.5,7.75,7.83,7.58,10,10,10,7.67,83.83,0.11
279,Taiwan,7.75,7.67,7.5,7.75,7.75,7.67,10,10,10,7.75,83.83,0
280,Brazil,7.25,7.58,7.42,8,7.75,7.83,10,10,10,8,83.83,0
281,Taiwan,7.67,7.75,7.67,7.75,7.42,7.75,10,10,10,7.83,83.83,0
282,Ethiopia,7.75,7.75,7.67,7.67,7.58,7.67,10,10,10,7.75,83.83,0.12
283,Brazil,7.67,7.67,7.58,7.5,7.83,8.17,10,10,9.33,8.08,83.83,0
284,Costa Rica,7.83,7.42,7.5,7.83,7.75,7.83,10,10,10,7.67,83.83,0.1
285,Guatemala,7.58,7.83,7.33,8,7.58,7.75,10,10,10,7.75,83.83,0.1
286,Brazil,7.92,7.5,7.33,7.67,8.17,7.5,10,10,10,7.75,83.83,0.1
287,Ecuador,7.5,7.67,7.58,7.75,7.83,7.83,10,10,10,7.67,83.83,0.09
288,Colombia,7.67,7.58,7.58,7.83,7.58,7.67,10,10,10,7.92,83.83,0.11
289,Guatemala,7.5,7.83,7.5,7.83,7.83,7.67,10,10,10,7.67,83.83,0.11
290,Mexico,7.67,8,7.67,7.42,7.67,7.5,10,10,10,7.92,83.83,0.1
291,Mexico,7.67,7.58,7.5,7.75,7.75,7.75,10,10,10,7.83,83.83,0.11
292,Brazil,7.83,7.83,7.58,7.67,7.5,7.58,10,10,10,7.83,83.83,0.12
293,Thailand,7.75,7.75,7.58,8,7.67,7.58,10,10,10,7.5,83.83,0.02
294,Thailand,7.5,7.83,7.58,7.58,7.75,7.83,10,10,10,7.75,83.83,0.01
295,Ethiopia,7.58,7.83,7.58,8,7.83,7.5,10,10,10,7.5,83.83,0.1
296,Kenya,7.75,7.58,7.5,7.58,7.75,7.75,10,10,10,7.83,83.75,0.11
297,Brazil,7.67,7.67,7.58,7.75,7.67,7.67,10,10,10,7.75,83.75,0.11
298,Colombia,7.83,7.83,7.58,7.58,7.58,7.58,10,10,10,7.75,83.75,0.11
299,Taiwan,7.67,7.67,7.58,7.58,7.67,7.83,10,10,10,7.75,83.75,0
300,Colombia,7.92,7.75,7.5,7.67,7.75,7.5,10,10,10,7.67,83.75,0
301,China,7.83,7.75,7.67,7.5,7.58,7.67,10,10,10,7.75,83.75,0.1
302,Colombia,7.75,7.67,7.5,7.67,7.58,7.83,10,10,10,7.75,83.75,0
303,Uganda,8,7.92,7.58,7.75,7.33,7.5,10,10,10,7.67,83.75,0.12
304,United States (Puerto Rico),7.83,7.83,7.83,7.67,8,8.17,9.33,9.33,10,7.75,83.75,0.12
305,Colombia,7.67,7.67,7.67,7.92,7.5,7.67,10,10,10,7.67,83.75,0
306,Colombia,7.67,7.42,7.42,7.42,8,8.33,10,10,10,7.5,83.75,0
307,Colombia,7.58,7.67,7.75,7.67,7.67,7.67,10,10,10,7.75,83.75,0
308,Colombia,7.75,7.67,7.75,7.58,7.42,8,10,10,10,7.58,83.75,0.11
309,United States (Hawaii),7.25,7.42,7.67,7.58,7.83,8.25,10,10,10,7.75,83.75,0
310,Mexico,7.83,7.58,7.58,7.5,7.75,7.67,10,10,10,7.83,83.75,0.13
311,Guatemala,7.67,7.58,7.58,7.67,7.75,7.75,10,10,10,7.75,83.75,0.11
312,Colombia,7.83,7.83,7.58,7.33,7.42,7.67,10,10,10,8.08,83.75,0.1
313,Colombia,7.75,7.67,7.25,7.25,7.58,8.5,10,10,10,7.75,83.75,0.06
314,United States (Hawaii),7.83,7.67,7.75,7.67,7.58,7.5,10,10,10,7.75,83.75,0
315,Brazil,7.67,7.83,7.5,7.67,7.67,7.5,10,10,10,7.83,83.67,0.11
316,Kenya,8.08,7.67,7.67,7.58,7.25,7.67,10,10,10,7.75,83.67,0.11
317,Honduras,7.5,7.5,7.67,7.67,8,8,10,10,10,7.33,83.67,0.1
318,Nicaragua,7.67,7.75,7.67,7.67,7.83,7.58,10,10,10,7.5,83.67,0.1
319,Brazil,7.58,7.75,7.58,7.75,7.58,7.58,10,10,10,7.83,83.67,0.11
320,Taiwan,7.5,7.67,7.33,7.92,7.83,7.67,10,10,10,7.75,83.67,0.1
321,Costa Rica,7.33,7.67,7.67,7.5,7.67,7.5,10,10,10,8.33,83.67,0.11
322,Thailand,7.5,7.75,7.58,7.83,7.67,7.58,10,10,10,7.75,83.67,0.12
323,Colombia,7.5,7.75,7.5,7.75,7.67,7.67,10,10,10,7.83,83.67,0.11
324,Guatemala,8,7.5,7.33,8,8,8,9.33,10,10,7.5,83.67,0.1
325,Colombia,7.83,7.75,7.67,7.58,7.58,7.67,10,10,10,7.58,83.67,0
326,Colombia,7.67,7.67,7.67,7.67,7.33,7.75,10,10,10,7.92,83.67,0
327,Guatemala,7.67,7.67,7.42,7.67,8,7.75,10,10,10,7.5,83.67,0.12
328,Guatemala,7.83,7.67,7.33,7.67,7.67,7.83,10,10,10,7.67,83.67,0.11
329,Colombia,7.75,7.75,7.58,7.83,7.17,7.75,10,10,10,7.83,83.67,0.11
330,Guatemala,8.17,8.17,7.83,7.67,8.08,7.75,9.33,9.33,9.33,8,83.67,0.11
331,Guatemala,7.67,8.17,7.5,7.42,7.58,7.83,10,10,10,7.5,83.67,0.11
332,Mexico,7.67,7.5,7.5,7.33,7.83,8.25,10,10,10,7.58,83.67,0.12
333,Indonesia,8.17,7.67,7.58,7.58,7.42,7.67,10,10,10,7.58,83.67,0.12
334,Guatemala,7.67,7.5,7.33,8,7.67,7.67,10,10,10,7.83,83.67,0.1
335,United States (Hawaii),7.75,8,7.92,8.08,7.75,8,9.33,9.33,9.33,8.17,83.67,0
336,Brazil,7.58,7.67,7.58,7.58,7.67,7.58,10,10,10,7.92,83.58,0.11
337,Guatemala,7.75,7.75,7.5,7.83,7.58,7.58,10,10,10,7.58,83.58,0.11
338,Colombia,7.75,7.75,7.58,7.58,7.67,7.58,10,10,10,7.67,83.58,0.11
339,China,7.67,7.58,7.58,7.58,7.67,7.75,10,10,10,7.75,83.58,0.1
340,Colombia,7.67,7.75,7.58,7.67,7.75,7.58,10,10,10,7.58,83.58,0.12
341,Mexico,7.75,7.75,7.58,7.58,7.5,7.67,10,10,10,7.75,83.58,0.12
342,Ethiopia,7.75,7.67,7.58,7.67,7.5,7.67,10,10,10,7.75,83.58,0
343,Uganda,7.67,7.67,7.42,7.75,7.75,7.67,10,10,10,7.67,83.58,0.12
344,Colombia,7.67,7.58,7.67,7.67,7.67,7.67,10,10,10,7.67,83.58,0
345,Colombia,7.67,7.58,7.67,7.58,7.67,7.75,10,10,10,7.67,83.58,0.12
346,Colombia,7.75,7.58,7.5,7.58,7.75,7.83,10,10,10,7.58,83.58,0
347,Taiwan,7.75,7.75,7.75,7.75,7.5,7.58,10,10,10,7.5,83.58,0.11
348,Colombia,7.67,7.67,7.58,7.67,7.75,7.58,10,10,10,7.67,83.58,0.11
349,Mexico,7.83,7.67,7.58,7.58,7.67,7.58,10,10,10,7.67,83.58,0.12
350,Colombia,7.67,7.58,7.58,7.58,7.67,7.75,10,10,10,7.75,83.58,0.11
351,Brazil,7.83,7.75,7.5,7.75,7.5,7.58,10,10,10,7.67,83.58,0.12
352,Colombia,7.75,7.58,7.58,7.75,7.75,7.5,10,10,10,7.58,83.5,0
353,Taiwan,7.58,7.58,7.17,7.17,7,7,10,10,10,10,83.5,0.11
354,Costa Rica,7.92,7.42,7.5,7.67,7.5,7.67,10,10,10,7.83,83.5,0
355,Colombia,7.75,7.58,7.58,7.5,7.75,7.75,10,10,10,7.58,83.5,0
356,Guatemala,7.67,7.75,7.5,7.83,7.58,7.58,10,10,10,7.58,83.5,0.1
357,Colombia,7.58,7.58,7.58,7.58,7.75,7.67,10,10,10,7.75,83.5,0.12
358,"Tanzania, United Republic Of",7.75,7.67,7.58,7.67,7.67,7.58,10,10,10,7.58,83.5,0.13
359,Indonesia,7.25,7.67,7.58,7.92,7.83,7.58,10,10,10,7.67,83.5,0.13
360,Ethiopia,7.67,7.75,7.5,7.58,7.75,7.67,10,10,10,7.58,83.5,0.1
361,Colombia,7.67,7.42,7.67,7.83,7.58,7.67,10,10,10,7.67,83.5,0
362,Colombia,8,7.58,7.25,7.58,7.92,7.58,10,10,10,7.58,83.5,0.11
363,Guatemala,7.58,7.75,7.5,7.83,7.42,7.67,10,10,10,7.75,83.5,0.1
364,Colombia,7.75,7.58,7.33,7.5,7.83,7.83,10,10,10,7.67,83.5,0
365,Honduras,7.67,7.5,7.67,7.5,7.67,7.67,10,10,10,7.83,83.5,0.1
366,Colombia,7.58,7.75,7.42,7.67,7.75,7.67,10,10,10,7.67,83.5,0
367,Colombia,7.58,7.67,7.58,7.75,7.58,7.75,10,10,10,7.58,83.5,0.11
368,Mexico,7.83,7.58,7.25,7.5,7.5,7.42,10,10,10,8.42,83.5,0.13
369,Mexico,7.67,7.75,7.67,7.75,7.58,7.5,10,10,10,7.58,83.5,0.11
370,Mexico,7.75,7.67,7.67,7.75,7.33,7.5,10,10,10,7.83,83.5,0.12
371,Guatemala,7.83,7.5,7.5,8,7.67,7.5,10,10,10,7.5,83.5,0.1
372,Colombia,7.67,7.58,7.58,7.67,7.67,7.67,10,10,10,7.67,83.5,0.11
373,Guatemala,7.5,7.5,7.75,7.5,8,7.67,10,10,10,7.58,83.5,0
374,United States (Hawaii),7.5,7.67,7.58,7.92,7.58,7.67,10,10,10,7.58,83.5,0.01
375,Indonesia,7.83,7.58,7.58,7.58,7.75,7.58,10,10,10,7.58,83.5,0
376,Colombia,7.5,7.58,7.58,7.5,7.75,7.83,10,10,10,7.67,83.42,0
377,Guatemala,7.67,7.75,7.5,7.58,7.58,7.67,10,10,10,7.67,83.42,0.1
378,Colombia,7.67,7.67,7.5,7.67,7.67,7.58,10,10,10,7.67,83.42,0.11
379,Costa Rica,7.58,7.5,7.42,7.92,7.5,7.67,10,10,10,7.83,83.42,0.09
380,Taiwan,7.67,7.67,7,7.08,7,7,10,10,10,10,83.42,0.11
381,Uganda,7.58,7.75,7.33,7.75,7.67,7.58,10,10,10,7.75,83.42,0.11
382,Thailand,7.5,7.58,7.75,7.5,7.75,7.67,10,10,10,7.67,83.42,0.13
383,El Salvador,7.58,7.5,7.75,7.58,7.75,7.67,10,10,10,7.58,83.42,0.11
384,Colombia,7.58,7.67,7.58,7.67,7.58,7.67,10,10,10,7.67,83.42,0.12
385,Brazil,7.33,7.83,7.75,7.5,7.42,7.83,10,10,10,7.75,83.42,0.12
386,"Tanzania, United Republic Of",7.75,7.67,7.58,7.67,7.58,7.58,10,10,10,7.58,83.42,0.13
387,Colombia,7.58,7.58,7.25,7.75,7.75,8.58,9.33,10,10,7.58,83.42,0.12
388,Guatemala,7.75,7.83,7.33,7.83,7.5,7.67,10,10,10,7.5,83.42,0.1
389,Guatemala,7.67,7.75,7.5,7.83,7.58,7.5,10,10,10,7.58,83.42,0.1
390,Guatemala,7.67,7.5,7.75,7.42,7.75,7.75,10,10,10,7.58,83.42,0.11
391,United States (Hawaii),7.42,7.75,7.67,7.58,7.67,7.67,10,10,10,7.67,83.42,0
392,Colombia,7.5,7.75,7.58,7.5,7.67,7.75,10,10,10,7.67,83.42,0.11
393,Colombia,7.58,7.58,7.58,7.67,7.75,7.67,10,10,10,7.58,83.42,0.1
394,United States (Hawaii),7.5,7.92,7.42,7.67,7.83,7.58,10,10,10,7.5,83.42,0.01
395,Thailand,7.58,7.25,7.5,7.92,7.92,7.42,10,10,10,7.83,83.42,0.11
396,Mexico,7.25,7.88,7.38,7.63,7.5,8.75,9,10,10,8,83.38,0.09
397,Colombia,7.75,7.5,7.75,7.58,7.58,7.58,10,10,10,7.58,83.33,0
398,Colombia,7.67,7.58,7.58,7.42,7.67,7.75,10,10,10,7.67,83.33,0
399,Colombia,7.83,7.58,7.58,7.58,7.5,7.58,10,10,10,7.67,83.33,0
400,Brazil,7.5,7.83,7.33,7.58,7.58,7.92,10,10,10,7.58,83.33,0.1
401,Mexico,7.75,7.75,7.5,7.67,7.5,7.58,10,10,10,7.58,83.33,0.12
402,Colombia,7.67,7.75,7.42,7.83,7.83,7.42,10,10,10,7.42,83.33,0.11
403,"Tanzania, United Republic Of",7.75,7.58,7.67,7.58,7.58,7.58,10,10,10,7.58,83.33,0.12
404,Mexico,7.67,7.67,7.58,7.67,7.5,7.58,10,10,10,7.67,83.33,0.12
405,Costa Rica,7.67,7.67,7.42,7.67,7.67,7.67,10,10,10,7.58,83.33,0.12
406,United States (Hawaii),7.83,7.58,7.83,7.67,7.92,8,9.33,10,9.33,7.83,83.33,0.11
407,Costa Rica,7.5,7.67,7.67,7.5,7.83,7.17,10,10,10,8,83.33,0.11
408,Peru,7.83,7.75,7.58,7.83,7.92,7.58,9.33,10,10,7.5,83.33,0.12
409,Haiti,7.58,7.5,7.67,7.5,7.83,7.42,10,10,10,7.83,83.33,0.11
410,Colombia,7.67,7.67,7.5,7.67,7.92,7.42,10,10,10,7.5,83.33,0.11
411,Guatemala,7.83,7.67,7.17,7.67,7.67,7.67,10,10,10,7.67,83.33,0.11
412,United States (Hawaii),7.92,7.5,7.58,7.83,7.67,7.67,9.33,10,10,7.83,83.33,0.1
413,Burundi,7.75,7.67,7.33,7.5,7.5,7.75,10,10,10,7.83,83.33,0
414,Colombia,7.5,7.67,7.67,7.58,7.67,7.58,10,10,10,7.67,83.33,0
415,United States (Hawaii),8.08,7.83,7.83,7.75,7.67,7.58,9.33,10,9.33,7.92,83.33,0.01
416,United States (Hawaii),7.58,7.67,7.58,7.5,7.83,7.67,10,10,10,7.5,83.33,0
417,Mexico,7.67,7.83,7.42,7.83,7.33,7.5,10,10,10,7.67,83.25,0.11
418,Costa Rica,7.5,7.5,7.83,7.5,7.67,7.67,10,10,10,7.58,83.25,0.11
419,Costa Rica,7.83,7.5,7.42,7.67,7.5,7.67,10,10,10,7.67,83.25,0.11
420,Guatemala,7.5,7.58,7.42,7.83,7.67,7.58,10,10,10,7.67,83.25,0.11
421,Uganda,7.5,7.67,7.67,7.42,7.67,7.67,10,10,10,7.67,83.25,0.12
422,Brazil,7.58,7.67,7.42,7.5,7.67,7.42,10,10,10,8,83.25,0.12
423,Colombia,7.58,7.67,7.67,7.17,7.75,7.83,10,10,10,7.58,83.25,0
424,Mexico,7.83,7.75,7.5,7.58,7.58,7.58,10,10,10,7.42,83.25,0.12
425,Taiwan,7.67,7.5,7.5,7.5,7.67,7.83,10,10,10,7.58,83.25,0.1
426,Taiwan,7.92,7.83,7.75,7.58,7.5,7.33,10,10,10,7.33,83.25,0.1
427,Colombia,7.58,7.58,7.5,7.58,7.58,7.75,10,10,10,7.67,83.25,0
428,Guatemala,7.5,7.67,7.58,7.67,7.67,7.5,10,10,10,7.67,83.25,0.1
429,Colombia,7.83,7.5,7.67,7.33,7.67,7.67,10,10,10,7.58,83.25,0.11
430,Mexico,7.58,7.75,7.5,7.5,7.58,7.58,10,10,10,7.75,83.25,0.12
431,United States (Hawaii),7.58,7.75,7.83,8,8.08,7.67,9.33,10,9.33,7.67,83.25,0.11
432,Mexico,7.75,7.58,7.58,7.58,7.5,7.58,10,10,10,7.67,83.25,0.13
433,Mexico,7.75,7.75,7.42,7.92,7.33,7.5,10,10,10,7.58,83.25,0.12
434,Guatemala,7.83,7.58,7.08,7.83,7.42,8.08,10,10,10,7.42,83.25,0.11
435,Brazil,7.75,7.67,7.5,7.58,7.58,7.58,10,10,10,7.58,83.25,0.11
436,Colombia,7.67,7.58,7.58,7.42,7.83,7.58,10,10,10,7.58,83.25,0.12
437,Colombia,7.67,7.67,7.5,7.5,7.58,7.67,10,10,10,7.67,83.25,0.11
438,Colombia,7.92,7.75,7.25,7.42,7.83,7.58,10,10,10,7.5,83.25,0.08
439,Colombia,8,7.67,7.67,7.25,7.67,7.5,10,10,10,7.5,83.25,0.13
440,Colombia,7.92,7.75,7.5,7.42,7.42,7.67,10,10,10,7.58,83.25,0.04
441,Brazil,7.67,7.42,7.5,7.58,7.67,7.58,10,10,10,7.75,83.17,0.11
442,Guatemala,7.58,7.58,7.33,7.67,7.75,7.58,10,10,10,7.67,83.17,0.1
443,"Tanzania, United Republic Of",7.67,7.58,7.42,7.67,7.67,7.58,10,10,10,7.58,83.17,0.12
444,Peru,7.92,7.5,7.5,7.58,7.67,7.5,10,10,10,7.5,83.17,0.11
445,Vietnam,7.58,7.42,7.08,7.33,7.58,8.58,10,10,10,7.58,83.17,0.07
446,Guatemala,7.67,7.75,7.42,7.75,7.58,7.5,10,10,10,7.5,83.17,0.11
447,Honduras,7.67,7.67,7.5,7.67,7.5,7.67,10,10,10,7.5,83.17,0.11
448,China,7.5,7.67,7.33,7.67,7.67,7.67,10,10,10,7.67,83.17,0.11
449,China,7.67,7.67,7.5,7.67,7.42,7.58,10,10,10,7.67,83.17,0.1
450,El Salvador,7.5,7.5,7.33,7.67,8,7.67,10,10,10,7.5,83.17,0
451,Guatemala,7.5,7.75,7.5,7.83,7.58,7.5,10,10,10,7.5,83.17,0.11
452,Guatemala,7.92,7.67,7.42,7.75,7.5,7.5,10,10,10,7.42,83.17,0.12
453,Kenya,7.83,7.75,7.67,7.75,7.83,8.5,9.33,9.33,9.33,7.83,83.17,0.1
454,Thailand,7.67,7.58,7.58,7.75,7.42,7.67,10,10,10,7.5,83.17,0.12
455,"Tanzania, United Republic Of",7.58,7.67,7.67,7.58,7.42,7.58,10,10,10,7.67,83.17,0.13
456,Colombia,7.58,7.5,7.5,7.67,7.5,7.67,10,10,10,7.75,83.17,0
457,Uganda,8,7.67,7.5,7.42,7.33,7.58,10,10,10,7.67,83.17,0.1
458,Colombia,7.58,7.75,7.5,7.58,7.58,7.58,10,10,10,7.58,83.17,0.11
459,Honduras,7.5,7.5,7.5,7.67,7.67,7.67,10,10,10,7.67,83.17,0.1
460,Honduras,7.67,7.67,7.5,7.67,7.5,7.67,10,10,10,7.5,83.17,0.11
461,Guatemala,7.33,7.83,7.17,8.17,7.33,7.67,10,10,10,7.67,83.17,0.09
462,United States (Hawaii),7.5,7.5,7.58,7.42,7.92,7.67,10,10,10,7.58,83.17,0.11
463,"Tanzania, United Republic Of",7.58,7.5,7.58,7.75,7.58,7.58,10,10,10,7.58,83.17,0.12
464,Guatemala,7.67,7.83,7.33,7.67,7.5,7.67,10,10,10,7.5,83.17,0.11
465,Mexico,7.75,7.58,7.58,7.58,7.5,7.42,10,10,10,7.75,83.17,0.11
466,Mexico,7.75,7.67,7.58,7.5,7.42,7.58,10,10,10,7.67,83.17,0.12
467,Mexico,7.58,7.75,7.42,7.67,7.5,7.58,10,10,10,7.67,83.17,0.14
468,Colombia,7.67,7.5,7.5,7.5,7.58,8.17,10,10,10,7.25,83.17,0.11
469,Mexico,7.75,7.5,7.42,7.75,7.58,7.58,10,10,10,7.58,83.17,0.13
470,Colombia,7.58,7.67,7.5,7.58,7.67,7.67,10,10,10,7.5,83.17,0.11
471,Mexico,7.5,7.75,7.58,7.58,7.67,7.5,10,10,10,7.58,83.17,0.11
472,Brazil,7.75,7.67,7.58,7.5,7.58,7.58,10,10,10,7.5,83.17,0.12
473,Brazil,7.92,7.58,7.5,7.58,7.42,7.5,10,10,10,7.67,83.17,0.11
474,Guatemala,7.75,7.5,7.67,7.5,7.92,8,10,10,9.33,7.5,83.17,0
475,Brazil,7.75,7.5,7.58,7.5,7.75,7.5,10,10,10,7.58,83.17,0.12
476,Brazil,7.58,7.75,7.67,7.5,7.67,7.58,10,10,10,7.42,83.17,0.02
477,El Salvador,7.42,7.83,8.17,8.08,7.17,7.58,10,9.33,10,7.58,83.17,0.14
478,Ethiopia,7.75,8,7.67,8.08,7.83,7.92,9.33,9.33,9.33,7.92,83.17,0.01
479,Colombia,7.58,7.67,7.33,7.67,7.75,7.58,10,10,10,7.5,83.08,0
480,Colombia,7.75,7.5,7.5,7.42,8,7.75,10,10,10,7.17,83.08,0
481,Brazil,7.58,7.58,7.58,7.5,7.67,7.58,10,10,10,7.58,83.08,0.11
482,Brazil,7.33,7.67,7.67,7.33,7.75,7.42,10,10,10,7.92,83.08,0
483,Taiwan,7.83,7.92,7.5,7.83,7.67,7.25,9.33,10,10,7.75,83.08,0
484,Brazil,7.42,7.67,7.58,7.5,7.75,7.67,10,10,10,7.5,83.08,0.11
485,Brazil,7.58,7.83,7.67,7.42,7.42,7.5,10,10,10,7.67,83.08,0
486,Costa Rica,7.83,7.33,7.5,7.67,7.58,7.67,10,10,10,7.5,83.08,0.1
487,United States (Hawaii),7.33,7.75,7.58,7.33,7.83,7.67,10,10,10,7.58,83.08,0.12
488,Taiwan,7.75,7.75,7.5,7.5,7.5,7.5,10,10,10,7.58,83.08,0.11
489,United States (Hawaii),7.83,7.83,7.33,7.17,7.75,7.67,10,10,10,7.5,83.08,0.1
490,Mexico,7.75,7.67,7.42,7.75,7.5,7.5,10,10,10,7.5,83.08,0.1
491,United States (Hawaii),7.67,7.58,7.5,7.67,7.92,8,9.33,9.33,10,8.08,83.08,0
492,United States (Hawaii),7.33,7.58,7.58,7.92,7.67,7.58,10,10,10,7.42,83.08,0.12
493,Colombia,7.33,7.33,7.33,7.58,7.25,8.08,10,10,10,8.17,83.08,0.01
494,Colombia,7.83,7.75,7.33,7.25,7.42,7.92,10,10,10,7.58,83.08,0.08
495,Indonesia,7.67,7.58,7.5,7.58,7.67,7.58,10,10,10,7.5,83.08,0
496,Guatemala,7.92,7.67,7.67,7.25,7.83,7.67,9.33,10,10,7.75,83.08,0.02
497,Brazil,7.58,7.5,7.5,7.75,7.67,7.5,10,10,10,7.5,83,0
498,Brazil,7.5,7.58,7.58,7.67,7.58,7.5,10,10,10,7.58,83,0.11
499,Brazil,7.5,7.67,7.58,7.67,7.58,7.42,10,10,10,7.58,83,0.11
500,Uganda,7.67,7.58,7.42,7.42,7.83,7.5,10,10,10,7.58,83,0.12
501,Uganda,7.67,7.67,7.5,7.58,7.42,7.5,10,10,10,7.67,83,0.12
502,Colombia,7.67,7.67,7.33,7.67,7.5,7.58,10,10,10,7.58,83,0.11
503,Vietnam,7.75,7.67,7.58,7.58,7.42,7.67,9.33,10,10,8,83,0
504,Guatemala,7.67,7.75,7.33,7.92,7.42,7.5,10,10,10,7.42,83,0.11
505,Guatemala,7.75,7.67,7.33,7.75,7.5,7.42,10,10,10,7.58,83,0.11
506,Guatemala,7.83,7.67,7.25,7.67,7.75,7.5,10,10,10,7.33,83,0.11
507,Brazil,7.67,7.67,7.67,7.5,7.42,7.5,10,10,10,7.58,83,0
508,Taiwan,7.92,7.92,7.83,7.58,7.33,7.25,10,10,10,7.17,83,0.08
509,Uganda,7.83,7.58,7.5,7.5,7.58,7.5,10,10,10,7.5,83,0.12
510,United States (Puerto Rico),7.67,7.5,7.67,7.83,7.75,7.83,10,10,9.33,7.42,83,0
511,Guatemala,7.67,7.67,7.42,7.83,7.5,7.5,10,10,10,7.42,83,0.1
512,Costa Rica,7.67,7.58,7.5,7.58,7.5,7.5,10,10,10,7.67,83,0.11
513,Brazil,7.75,7.58,7.42,7.67,7.42,7.67,10,10,10,7.5,83,0.12
514,Colombia,7.75,7.42,7.33,7.5,7.58,7.17,10,10,10,8.25,83,0.11
515,Colombia,7.83,7.5,7.58,7.33,7.5,7.67,10,10,10,7.58,83,0
516,Colombia,7.33,7.67,7.75,7.42,7.75,7.58,10,10,10,7.5,83,0.11
517,Colombia,7.58,7.75,7.42,7.67,7.58,7.42,10,10,10,7.58,83,0
518,Colombia,7.5,7.5,7.42,7.58,7.75,7.58,10,10,10,7.67,83,0.11
519,Mexico,7.67,7.58,7.42,7.5,7.67,7.58,10,10,10,7.58,83,0.11
520,Mexico,7.67,7.83,7.5,7.58,7.58,7.67,9.33,10,10,7.83,83,0.11
521,Mexico,7.5,7.67,7.5,7.5,7.58,7.58,10,10,10,7.67,83,0.11
522,Colombia,7.67,7.58,7.5,7.5,7.75,7.5,10,10,10,7.5,83,0
523,Colombia,7.75,7.58,7.5,7.67,7.83,7.75,9.33,10,10,7.58,83,0
524,Colombia,7.67,7.58,7.58,7.58,7.67,7.42,10,10,10,7.5,83,0.11
525,Guatemala,7.5,7.67,7.5,7.67,7.5,7.83,10,10,10,7.33,83,0.1
526,Colombia,7.67,7.67,7.58,7.5,7.67,7.42,10,10,10,7.5,83,0.12
527,Thailand,7.33,7.67,7.58,7.5,7.75,7.67,10,10,10,7.5,83,0.28
528,Colombia,7.33,7.67,7.58,7.33,7.58,7.92,10,10,10,7.58,83,0.08
529,United States (Hawaii),7.83,7.83,7.67,7.83,7.92,7.83,9.33,9.33,9.33,8.08,83,0
530,United States (Hawaii),7.5,7.58,7.42,7.58,7.58,7.67,10,10,10,7.67,83,0
531,Colombia,7.5,7.58,7.67,7.67,7.58,7.58,10,10,10,7.42,83,0.06
532,Nicaragua,7.58,7.83,7.75,7.92,7.92,8.08,9.33,9.33,9.33,7.92,83,0.07
533,Thailand,7.5,7.25,7.42,7.75,8.17,7.5,10,10,10,7.42,83,0
534,Brazil,7.67,7.58,7.5,7.58,7.58,7.5,10,10,10,7.5,82.92,0
535,El Salvador,7.5,7.5,7.75,7.58,7.92,7.83,10,10,9.33,7.5,82.92,0
536,Colombia,7.58,7.67,7.5,7.33,7.67,7.58,10,10,10,7.58,82.92,0.11
537,Taiwan,7.17,7.83,7.25,7.67,7.67,7.58,10,10,10,7.75,82.92,0.09
538,Ethiopia,7.58,7.58,7.5,7.5,7.58,7.58,10,10,10,7.58,82.92,0
539,Taiwan,7.5,7.58,7.67,7.33,7.5,7.75,10,10,10,7.58,82.92,0
540,Philippines,7.58,7.58,7.67,7.58,7.5,7.5,10,10,10,7.5,82.92,0.11
541,Philippines,8.08,7.5,7.67,7.42,7.33,7.5,10,10,10,7.42,82.92,0
542,Mexico,7.83,7.67,7.25,7.58,7.5,7.5,10,10,10,7.58,82.92,0.13
543,Mexico,7.75,7.67,7.42,7.42,7.75,7.5,10,10,10,7.42,82.92,0.12
544,Brazil,7.08,7.5,7.5,7.83,7.75,7.67,10,10,10,7.58,82.92,0.11
545,Uganda,8,7.5,7.5,7.58,7.33,7.42,10,10,10,7.58,82.92,0.12
546,Uganda,7.75,7.58,7.58,7.5,7.5,7.5,10,10,10,7.5,82.92,0.12
547,Guatemala,7.75,7.5,7.42,7.58,7.67,7.5,10,10,10,7.5,82.92,0.1
548,Guatemala,7.67,7.83,7.42,7.5,7.33,7.5,10,10,10,7.67,82.92,0.1
549,Guatemala,7.58,7.58,7.25,7.58,7.58,7.58,10,10,10,7.75,82.92,0.1
550,Colombia,7.58,7.5,7.75,7.33,7.58,7.58,10,10,10,7.58,82.92,0.11
551,Colombia,7.75,7.5,7.25,7.5,7.75,7.5,10,10,10,7.67,82.92,0
552,Guatemala,7.83,7.75,7.25,7.92,7.5,7.17,10,10,10,7.5,82.92,0.11
553,Colombia,7.83,7.67,7.42,7.42,7.5,7.58,10,10,10,7.5,82.92,0.11
554,Mexico,7.58,7.58,7.33,7.25,7.58,7.75,10,10,10,7.83,82.92,0.1
555,Vietnam,7.67,7.33,7.17,7.58,8.08,7.42,10,10,10,7.67,82.92,0
556,Mexico,8,7.92,7.67,7.17,7.67,7.42,9.33,10,10,7.75,82.92,0.14
557,United States (Hawaii),7.5,7.5,7.5,7.42,7.67,7.83,10,10,10,7.5,82.92,0.1
558,Colombia,7.5,7.75,7.33,7.75,7.08,7.83,10,10,10,7.67,82.92,0.15
559,Thailand,7.42,7.58,7.5,7.17,7.5,8,10,10,10,7.75,82.92,0
560,Kenya,7.75,7.58,7.42,7.58,7.5,7.5,10,10,10,7.5,82.83,0.1
561,Guatemala,7.5,7.58,7.33,7.67,7.58,7.58,10,10,10,7.58,82.83,0.11
562,Brazil,7.67,7.58,7.58,7.5,7.5,7.42,10,10,10,7.58,82.83,0.11
563,El Salvador,7.33,7.67,7.67,7.83,7.33,7.67,10,10,10,7.33,82.83,0
564,Rwanda,7.83,7.92,7.75,7.83,7.75,7.75,9.33,9.33,9.33,8,82.83,0.11
565,Vietnam,7.25,7.58,7.5,7.42,7.75,7.42,10,10,10,7.92,82.83,0.11
566,Guatemala,7.58,7.58,7.33,7.67,7.67,7.5,10,10,10,7.5,82.83,0.11
567,Brazil,7.58,7.83,7.33,7.67,7.42,7.33,10,10,10,7.67,82.83,0.12
568,Colombia,7.83,7.67,7.5,7.58,7.5,7.67,10,10,10,7.08,82.83,0
569,United States,7.42,7.58,7.25,7.5,7.75,7.75,10,10,10,7.58,82.83,0
570,Guatemala,7.67,7.67,7.75,7.67,7.42,7.17,10,10,10,7.5,82.83,0.1
571,Colombia,7.5,7.42,7.58,7.5,7.58,7.58,10,10,10,7.67,82.83,0
572,Colombia,7.83,7.5,7.5,7.42,7.5,7.5,10,10,10,7.58,82.83,0.11
573,"Tanzania, United Republic Of",7.67,7.5,7.33,7.25,7.58,7.75,10,10,10,7.75,82.83,0.11
574,Mexico,7.58,7.67,7.5,7.58,7.5,7.5,10,10,10,7.5,82.83,0.12
575,Mexico,7.67,7.58,7.42,7.75,7.42,7.42,10,10,10,7.58,82.83,0.12
576,Guatemala,7.67,7.67,7.33,7.5,7.33,7.92,10,10,10,7.42,82.83,0.11
577,Mexico,7.58,7.58,7.5,7.42,7.67,7.58,10,10,10,7.5,82.83,0.11
578,El Salvador,7.75,7.58,7.75,7.75,7.25,7.5,10,10,10,7.25,82.83,0
579,Guatemala,7.5,7.58,7.42,7.67,7.58,7.5,10,10,10,7.5,82.75,0.1
580,Guatemala,7.58,7.67,7.5,7.58,7.5,7.42,10,10,10,7.5,82.75,0.11
581,Guatemala,7.5,7.67,7.17,7.67,7.67,7.58,10,10,10,7.5,82.75,0.11
582,Guatemala,7.5,7.5,7.42,7.58,7.67,7.5,10,10,10,7.58,82.75,0.1
583,Guatemala,7.42,7.58,7.42,7.67,7.5,7.5,10,10,10,7.67,82.75,0.1
584,Indonesia,7.5,7.58,7.42,7.58,7.58,7.5,10,10,10,7.58,82.75,0.12
585,Guatemala,7.58,7.58,7.33,7.58,7.33,7.67,10,10,10,7.67,82.75,0.12
586,Taiwan,7.83,7.67,7.33,7.67,7.58,7.67,9.33,10,10,7.67,82.75,0
587,El Salvador,7.67,7.67,7.17,7.33,7.58,7.67,10,10,10,7.67,82.75,0
588,Costa Rica,7.58,7.5,7.42,7.67,7.42,7.5,10,10,10,7.67,82.75,0.09
589,Honduras,7.58,7.5,7.42,7.58,7.5,7.5,10,10,10,7.67,82.75,0.09
590,Brazil,7.5,7.5,7.58,7.5,7.58,7.58,10,10,10,7.5,82.75,0.11
591,China,7.67,7.5,7.33,7.33,7.67,7.67,10,10,10,7.58,82.75,0.1
592,China,7.5,7.67,7.42,7.67,7.5,7.5,10,10,10,7.5,82.75,0.11
593,Colombia,7.5,7.58,7.58,7.75,7.33,7.5,10,10,10,7.5,82.75,0
594,Malawi,7.75,7.58,7.42,7.5,7.33,7.5,10,10,10,7.67,82.75,0.12
595,Guatemala,7.75,7.42,7.25,7.75,7.5,7.67,10,10,10,7.42,82.75,0.13
596,Colombia,7.67,7.42,7.42,7.58,7.33,7.67,10,10,10,7.67,82.75,0.12
597,United States (Hawaii),7.67,7.58,7.42,7.83,7.33,7.5,10,10,10,7.42,82.75,0.1
598,United States (Hawaii),7.58,7.83,7.75,7.75,7.42,8,9.33,9.33,10,7.75,82.75,0.1
599,Colombia,7.58,7.33,7.17,7.33,7.25,8.58,10,10,10,7.5,82.75,0.1
600,Mexico,7.58,7.58,7.5,7.5,7.5,7.5,10,10,10,7.58,82.75,0.12
601,Mexico,7.58,7.58,7.33,7.75,7.25,7.58,10,10,10,7.67,82.75,0.12
602,Mexico,8.08,8.17,8,8,7.83,7.92,6.67,10,10,8.08,82.75,0.12
603,Colombia,7.5,7.58,7.42,7.67,7.5,7.58,10,10,10,7.5,82.75,0
604,Colombia,7.67,7.58,7.58,7.58,7.5,7.42,10,10,10,7.42,82.75,0.11
605,United States (Hawaii),7.25,7.75,7.5,7.83,7.67,7.67,9.33,10,10,7.75,82.75,0.12
606,Panama,7.42,7.42,7.5,7.58,7.5,7.75,10,10,10,7.58,82.75,0
607,United States (Hawaii),7.75,7.67,7.5,7.83,7.17,7.42,10,10,10,7.42,82.75,0
608,Brazil,7.5,7.58,7.25,7.75,7.58,7.5,10,10,10,7.5,82.67,0
609,Brazil,7.5,7.58,7.5,7.67,7.5,7.42,10,10,10,7.5,82.67,0.11
610,Laos,7.67,7.67,7.42,7.42,7.42,7.5,10,10,10,7.58,82.67,0.13
611,El Salvador,7.67,7.67,7.67,7.67,7.5,7.67,10,10,9.33,7.5,82.67,0
612,Mexico,7.5,7.67,7.42,7.75,7.42,7.17,10,10,10,7.75,82.67,0.11
613,Colombia,7.75,7.5,7.33,7.58,7.33,7.75,10,10,10,7.42,82.67,0
614,Brazil,7.58,7.5,7.42,7.67,7.5,7.5,10,10,10,7.5,82.67,0
615,Brazil,7.33,7.5,7.58,7.58,7.67,7.5,10,10,10,7.5,82.67,0.12
616,"Tanzania, United Republic Of",7.5,7.5,7.5,7.5,7.5,7.58,10,10,10,7.58,82.67,0.12
617,"Tanzania, United Republic Of",7.58,7.5,7.5,7.58,7.33,7.58,10,10,10,7.58,82.67,0.12
618,Taiwan,8,7.83,7.83,7.42,7.25,7.25,10,10,10,7.08,82.67,0.08
619,Mexico,7.67,7.58,7.42,7.5,7.42,7.5,10,10,10,7.58,82.67,0.11
620,Uganda,7.67,7.5,7.33,7.67,7.5,7.5,10,10,10,7.5,82.67,0.12
621,Taiwan,7.67,7.5,7.5,7.5,7.5,7.5,10,10,10,7.5,82.67,0.11
622,Thailand,7.42,7.5,7.5,7.67,7.58,7.5,10,10,10,7.5,82.67,0.11
623,Colombia,7.75,7.58,7.67,7.25,7.58,7.42,10,10,10,7.42,82.67,0.11
624,El Salvador,7.92,8,7.5,6.75,7.92,7.58,10,10,9.33,7.67,82.67,0
625,Guatemala,7.67,7.67,7.17,7.67,7.5,7.5,10,10,10,7.5,82.67,0.11
626,Thailand,7.83,7.33,7.83,7.33,7.58,7.83,10,10,9.33,7.58,82.67,0.12
627,Mexico,7.58,7.58,7.42,7.58,7.42,7.5,10,10,10,7.58,82.67,0.11
628,Mexico,7.5,7.58,7.58,7.58,7.42,7.42,10,10,10,7.58,82.67,0.12
629,Colombia,7.33,7.58,7.42,7.42,7.67,7.67,10,10,10,7.58,82.67,0.11
630,United States (Hawaii),7.83,7.67,7.5,7.67,7.5,7.58,10,10,9.33,7.58,82.67,0.03
631,Mexico,7.75,7.58,7.25,7.75,7.67,7.58,10,10,10,7.08,82.67,0
632,Colombia,8.08,7.67,7.67,7.33,7.33,7.17,10,10,10,7.42,82.67,0.08
633,Colombia,7.5,7.42,7.33,7.33,7.67,7.83,10,10,10,7.58,82.67,0.21
634,Guatemala,7.5,7.42,7.42,7.75,7.5,7.5,10,10,10,7.5,82.58,0.1
635,Taiwan,7.67,7.42,7.5,7.42,7.58,7.5,10,10,10,7.5,82.58,0.11
636,Brazil,7.5,7.58,7.42,7.5,7.75,7.33,10,10,10,7.5,82.58,0.11
637,Taiwan,7.25,7.25,7,7.08,7,7,10,10,10,10,82.58,0.11
638,Brazil,7.42,7.42,7.5,7.33,7.25,7.67,10,10,10,8,82.58,0
639,Indonesia,7.83,7.58,7.42,7.33,7.42,7.5,10,10,10,7.5,82.58,0.13
640,Thailand,7.75,7.33,7.42,7.67,7.42,7.5,10,10,10,7.5,82.58,0.12
641,Thailand,7.42,7.58,7.58,7.42,7.58,7.5,10,10,10,7.5,82.58,0.12
642,"Tanzania, United Republic Of",7.75,7.42,7.33,7.5,7.58,7.5,10,10,10,7.5,82.58,0.12
643,Uganda,7.83,7.5,7.42,7.58,7.42,7.42,10,10,10,7.42,82.58,0.12
644,Costa Rica,7.67,7.42,7.5,7.67,7,7.75,10,10,10,7.58,82.58,0.11
645,Mexico,7.58,7.58,7.42,7.75,7.67,7.67,9.33,10,10,7.58,82.58,0
646,Guatemala,7.5,7.58,7.42,7.58,7.42,7.58,10,10,10,7.5,82.58,0
647,Colombia,7.75,7.25,7.33,7.42,7.5,7.83,10,10,10,7.5,82.58,0.11
648,Colombia,7.75,7.5,7.75,7.25,7.33,7.58,10,10,10,7.42,82.58,0.11
649,Colombia,7.58,7.5,7.42,7.58,7.67,7.42,10,10,10,7.42,82.58,0.11
650,Mexico,7.5,7.58,7.5,7.5,7.42,7.5,10,10,10,7.58,82.58,0.1
651,Mexico,7.67,7.58,7.58,7.75,7.67,6.83,10,10,10,7.5,82.58,0.12
652,Colombia,7.33,7.42,7.58,7.42,7.67,7.5,10,10,10,7.67,82.58,0.11
653,Brazil,7.58,7.5,7.33,7.75,7.5,7.5,10,10,10,7.42,82.58,0
654,Brazil,7.5,7.5,7.5,7.5,7.58,7.5,10,10,10,7.42,82.5,0.11
655,Indonesia,7.83,7.75,7.25,7.5,7.42,7.33,10,10,10,7.42,82.5,0.11
656,Honduras,7.58,7.58,7.33,7.5,7.5,7.5,10,10,10,7.5,82.5,0.1
657,Guatemala,7.5,7.5,7.33,7.5,7.67,7.5,10,10,10,7.5,82.5,0.1
658,Thailand,7.5,7.83,7.5,7.75,7.33,7.42,9.33,10,10,7.83,82.5,0.12
659,Thailand,7.33,7.5,7.5,7.5,7.67,7.5,10,10,10,7.5,82.5,0.11
660,"Tanzania, United Republic Of",7.67,7.42,7.33,7.58,7.5,7.5,10,10,10,7.5,82.5,0.12
661,"Tanzania, United Republic Of",7.75,7,7.42,7.58,7.58,7.58,10,10,10,7.58,82.5,0.12
662,Mexico,7.42,7.58,7.5,7.67,7.25,7.5,10,10,10,7.58,82.5,0
663,Brazil,7.42,7.5,7.67,7.33,7.42,7.67,10,10,10,7.5,82.5,0.11
664,Guatemala,7.83,7.42,7.33,7.67,7.42,7.5,10,10,10,7.33,82.5,0.12
665,Colombia,7.5,7.5,7.42,7.42,7.58,7.58,10,10,10,7.5,82.5,0.11
666,Guatemala,7.83,7.67,7.17,7.33,7.5,7.67,10,10,10,7.33,82.5,0.11
667,Mexico,7.5,7.58,7.5,7.5,7.42,7.42,10,10,10,7.58,82.5,0.13
668,Mexico,7.67,7.5,7.33,7.67,7.5,7.33,10,10,10,7.5,82.5,0.12
669,Mexico,7.92,7.5,7.33,7.58,7.25,7.42,10,10,10,7.5,82.5,0.11
670,Guatemala,7.67,7.33,7.33,7.33,7.5,7.83,10,10,10,7.5,82.5,0.11
671,Brazil,7.67,7.42,7.33,7.67,7.5,7.5,10,10,10,7.42,82.5,0
672,Colombia,7.67,7.5,7.33,7.5,7.25,7.67,10,10,10,7.58,82.5,0.11
673,United States (Hawaii),7.33,7.42,7.33,7.75,7.42,7.67,10,10,10,7.58,82.5,0.12
674,Guatemala,7.75,7.58,7.67,7.67,7.58,7.58,9.33,10,10,7.33,82.5,0.01
675,Honduras,7.42,7.67,7.17,7.58,7.58,7.5,10,10,10,7.5,82.42,0.12
676,Guatemala,7.58,7.5,7.33,7.75,7.33,7.5,10,10,10,7.42,82.42,0.1
677,Guatemala,7.67,7.58,7.25,7.67,7.42,7.33,10,10,10,7.5,82.42,0.12
678,Guatemala,7.58,7.5,7.25,7.67,7.5,7.5,10,10,10,7.42,82.42,0.12
679,Guatemala,7.5,7.42,7.08,7.75,7.67,7.5,10,10,10,7.5,82.42,0.11
680,Colombia,5.08,7.75,7.83,7.75,7.83,8.08,10,10,10,8.08,82.42,0.11
681,China,7.67,7.42,7.42,7.5,7.42,7.42,10,10,10,7.58,82.42,0.1
682,Brazil,7.42,7.5,7.33,7.5,7.25,7.42,10,10,10,8,82.42,0.11
683,"Tanzania, United Republic Of",7.67,7.25,7.42,7.42,7.67,7.42,10,10,10,7.58,82.42,0.13
684,Brazil,7.17,7.83,7.33,7.5,7.75,7.42,10,10,10,7.42,82.42,0
685,Guatemala,7.5,7.5,7.5,7.67,7.42,7.5,10,10,10,7.33,82.42,0.1
686,Mexico,7.42,7.5,7.42,7.58,7.42,7.5,10,10,10,7.58,82.42,0.11
687,Brazil,7.58,7.67,7.33,7.5,7.5,7.42,10,10,10,7.42,82.42,0.12
688,Peru,7.58,7.58,7.58,7.75,7.5,7.58,9.33,10,10,7.5,82.42,0
689,Brazil,7.25,7.33,7.25,7.5,7.42,7.5,10,10,10,8.17,82.42,0
690,Mexico,7.5,7.58,7.5,7.92,7.42,7.67,9.33,10,10,7.5,82.42,0.12
691,Honduras,7.25,7.67,7.42,7.17,7.75,7.5,10,10,10,7.67,82.42,0.09
692,Colombia,7.67,7.42,7.33,7.5,7.58,7.5,10,10,10,7.42,82.42,0.11
693,Mexico,7.5,7.42,7.42,7.67,7.42,7.58,10,10,10,7.42,82.42,0.12
694,Mexico,7.42,7.58,7.5,7.42,7.58,7.5,10,10,10,7.42,82.42,0.13
695,Mexico,7.42,7.58,7.33,7.58,7.5,7.5,10,10,10,7.5,82.42,0.14
696,Mexico,7.75,7.33,7.25,7.58,7.58,7.33,10,10,10,7.58,82.42,0.13
697,Mexico,7.5,7.58,7.33,7.5,7.5,7.5,10,10,10,7.5,82.42,0.11
698,Mexico,7.58,7.58,7.17,7.5,7.5,7.5,10,10,10,7.58,82.42,0.14
699,Mexico,7.58,7.33,7.33,7.58,7.5,7.5,10,10,10,7.58,82.42,0.11
700,Mexico,7.67,7.58,7.33,7.42,7.58,7.33,10,10,10,7.5,82.42,0.13
701,Mexico,7.83,7.5,7.42,7.67,7.17,7.33,10,10,10,7.5,82.42,0.12
702,Colombia,7.67,7.33,7.25,7.42,7.5,7.67,10,10,10,7.58,82.42,0
703,Brazil,7.75,7.5,7.42,7.42,7.5,7.42,10,10,10,7.42,82.42,0.11
704,Colombia,7.33,7.58,7.17,7.58,7.42,7.58,10,10,10,7.75,82.42,0
705,Colombia,7.58,7.25,7.42,7.25,7.58,7.83,10,10,10,7.5,82.42,0.02
706,Honduras,7.5,7.58,7.33,7.5,7.42,7.42,10,10,10,7.58,82.33,0.1
707,Brazil,7.33,7.5,7.5,7.33,7.5,7.5,10,10,10,7.67,82.33,0.11
708,Brazil,7.42,7.42,7.42,7.5,7.5,7.58,10,10,10,7.5,82.33,0.11
709,Brazil,7.5,7.5,7.42,7.5,7.42,7.5,10,10,10,7.5,82.33,0.11
710,Costa Rica,7.75,7.5,7.25,7.25,7.42,7.67,10,10,10,7.5,82.33,0.1
711,Costa Rica,7.75,7.33,7.5,7.5,7.33,7.58,10,10,10,7.33,82.33,0
712,China,7.5,7.58,7.42,7.5,7.42,7.42,10,10,10,7.5,82.33,0.12
713,Brazil,8.25,7.83,7.25,8.33,8.17,8.08,10,6.67,10,7.75,82.33,0.07
714,Brazil,7.42,7.5,7.5,7.42,7.5,7.58,10,10,10,7.42,82.33,0.11
715,Guatemala,7.5,7.42,7.17,7.83,7.5,7.5,10,10,10,7.42,82.33,0.1
716,Malawi,7.33,7.58,7.42,7.58,7.33,7.5,10,10,10,7.58,82.33,0.12
717,Brazil,7.75,8.08,7.67,8.08,8.08,8,10,10,6.67,8,82.33,0.11
718,Guatemala,7.58,7.67,7.5,7.58,7.75,7.5,9.33,10,10,7.42,82.33,0.12
719,Mexico,7.33,7.58,7.42,7.5,7.5,7.5,10,10,10,7.5,82.33,0.11
720,Colombia,7.42,7.33,7.5,7.17,7.08,8.33,10,10,10,7.5,82.33,0.1
721,Taiwan,7.5,7.5,7.5,7.5,7.5,7.5,10,10,10,7.33,82.33,0.11
722,Taiwan,7.5,7.5,7.5,7.5,7.5,7.5,10,10,10,7.33,82.33,0.11
723,Guatemala,7.5,7.42,7.58,7.5,7.5,7.58,10,10,10,7.25,82.33,0.12
724,Colombia,7.5,7.42,7.5,7.5,7.5,7.58,10,10,10,7.33,82.33,0
725,Mexico,7.67,7.5,7.42,7.5,7.42,7.42,10,10,10,7.42,82.33,0.12
726,Costa Rica,7.92,7.58,7.25,7.75,7.92,7.58,9.33,9.33,10,7.67,82.33,0
727,Guatemala,7.67,7.5,7.33,7.67,7.5,7.33,10,10,10,7.33,82.33,0.11
728,Mexico,7.58,7.67,7.58,7.33,7,7.58,10,10,10,7.58,82.33,0.15
729,Mexico,7.67,7.58,7.5,7.58,7.5,7.5,10,10,10,7,82.33,0.13
730,Guatemala,7.5,7.67,7.33,7.5,7.33,7.5,10,10,10,7.5,82.33,0.1
731,Brazil,7.58,7.5,7.42,7.5,7.5,7.42,10,10,10,7.42,82.33,0.12
732,Mexico,8,7.75,7.33,7.33,7.08,7.67,9.33,10,10,7.83,82.33,0.11
733,Brazil,7.58,7.58,7.25,7.58,7.42,7.5,10,10,10,7.42,82.33,0.11
734,Colombia,7.83,7.58,7.33,7.25,7.58,7.42,10,10,10,7.33,82.33,0
735,Brazil,7.58,7.5,7.25,7.42,7.67,7.33,10,10,10,7.5,82.25,0.09
736,Taiwan,7,7.08,7,7.17,7,7,10,10,10,10,82.25,0.1
737,Guatemala,7.67,7.5,7.25,7.67,7.42,7.42,10,10,10,7.33,82.25,0.11
738,Brazil,7.42,7.67,7.5,7.08,7.5,7.42,10,10,10,7.67,82.25,0
739,El Salvador,7.58,7.67,7.5,7.67,7.83,8.42,9.33,9.33,9.33,7.58,82.25,0.12
740,Honduras,7.58,7.5,7.42,7.58,7.42,7.42,10,10,10,7.33,82.25,0.11
741,Malawi,7.58,7.42,7.33,7.42,7.58,7.5,10,10,10,7.42,82.25,0.13
742,Brazil,7.75,7.58,7.42,7.42,7.33,7.33,10,10,10,7.42,82.25,0.11
743,Taiwan,7.5,7.5,7.5,7.5,7.5,7.5,10,10,10,7.25,82.25,0.11
744,Mexico,7.58,7.58,7.42,7.42,7.42,7.42,10,10,10,7.42,82.25,0.12
745,United States (Hawaii),7.33,7.42,7.5,7.67,7.5,7.42,10,10,10,7.42,82.25,0
746,Mexico,7.58,7.58,7.5,7.17,7.42,7.42,10,10,10,7.58,82.25,0.16
747,Guatemala,7.5,7.5,7.33,7.58,7.67,7.33,10,10,10,7.33,82.25,0.11
748,Mexico,7.5,7.58,7.42,7.67,7.33,7.42,10,10,10,7.33,82.25,0.13
749,Mexico,7.67,7.58,7.33,7.5,7.42,7.42,10,10,10,7.33,82.25,0.12
750,El Salvador,7.75,7.33,7.33,7.5,7.5,7.5,10,10,10,7.33,82.25,0
751,Mexico,7.33,7.58,7.42,7.67,7.33,7.5,10,10,10,7.42,82.25,0.11
752,Mexico,7.42,7.5,7.42,7.58,7.42,7.5,10,10,10,7.42,82.25,0.1
753,Colombia,7.5,7.42,7.67,7.33,7.58,7.33,10,10,10,7.42,82.25,0.12
754,Colombia,7.67,7.33,7.33,7.33,7.5,7.5,10,10,10,7.58,82.25,0.11
755,Brazil,7.67,7.58,7.42,7,7.5,7.58,10,10,10,7.5,82.25,0.12
756,Colombia,7.17,7.25,7.58,7.25,7.58,7.67,10,10,10,7.75,82.25,0.22
757,Brazil,7.42,7.42,7.5,7.42,7.42,7.5,10,10,10,7.5,82.17,0.11
758,Honduras,7.5,7.5,7.17,7.42,7.5,7.5,10,10,10,7.58,82.17,0.11
759,Nicaragua,7.5,7.5,7.33,7.42,7.5,7.42,10,10,10,7.5,82.17,0.1
760,"Tanzania, United Republic Of",7.58,7.42,7.42,7.33,7.5,7.42,10,10,10,7.5,82.17,0.13
761,"Tanzania, United Republic Of",7.42,7.42,7.42,7.5,7.5,7.33,10,10,10,7.58,82.17,0.12
762,Brazil,6.92,7.58,7.42,7.33,7.83,7.5,10,10,10,7.58,82.17,0
763,Thailand,7.42,7.42,7.17,7.75,7.25,7.67,10,10,10,7.5,82.17,0.12
764,Honduras,7.67,7.5,7.25,7.42,7.58,7.42,10,10,10,7.33,82.17,0.11
765,Guatemala,7.42,7.42,7.5,7.5,7.42,7.5,10,10,10,7.42,82.17,0.09
766,Brazil,7.58,7.5,7.42,7.25,7.5,7.42,10,10,10,7.5,82.17,0.12
767,"Tanzania, United Republic Of",7.75,7.42,7.42,7.58,7.33,7.42,10,10,10,7.25,82.17,0.12
768,Mexico,7.42,7.33,7.17,7.42,7.33,8.17,10,10,10,7.33,82.17,0.12
769,Mexico,7.5,7.5,7.33,7.42,7.5,7.42,10,10,10,7.5,82.17,0.1
770,Taiwan,7.5,7.5,7.5,7.5,7.5,7.5,10,10,10,7.17,82.17,0.11
771,Taiwan,7.67,7.5,7.5,7.17,7.17,7.58,10,10,10,7.58,82.17,0
772,Colombia,7.33,7.25,7.25,7.58,7.75,7.5,10,10,10,7.5,82.17,0
773,Mexico,7.5,7.67,7,7.5,7.33,7.5,10,10,10,7.67,82.17,0.15
774,Guatemala,7.25,7.75,7,7.75,8.17,7.75,10,10,9.33,7.17,82.17,0.12
775,Mexico,7.5,7.58,7.25,7.5,7.5,7.33,10,10,10,7.5,82.17,0.12
776,Mexico,7,7.67,7.5,7.5,7.42,7.5,10,10,10,7.58,82.17,0.1
777,Colombia,7.58,7.67,7.42,7.17,7.17,7.75,10,10,10,7.42,82.17,0.08
778,Indonesia,7.5,7.5,7.42,7.42,7.5,7.42,10,10,10,7.33,82.08,0.15
779,Colombia,7.75,7.58,7.42,7.67,7.83,7.58,9.33,9.33,10,7.58,82.08,0
780,Brazil,7.42,7.58,7.42,7.5,7.42,7.25,10,10,10,7.5,82.08,0.11
781,Brazil,7.25,7.25,7.58,7.58,7.25,7.92,10,10,10,7.25,82.08,0
782,Costa Rica,7.75,7.42,7.42,7.25,7.17,7.42,10,10,10,7.67,82.08,0
783,"Tanzania, United Republic Of",7.42,7.33,7.42,7.42,7.5,7.58,10,10,10,7.42,82.08,0.12
784,"Tanzania, United Republic Of",7.42,7.5,7.5,7.33,7.33,7.5,10,10,10,7.5,82.08,0.12
785,Colombia,7.5,7.42,7.42,7.42,7.67,7.42,10,10,10,7.25,82.08,0.11
786,Costa Rica,7.58,7.33,7.33,7.33,7.5,7.67,10,10,10,7.33,82.08,0.11
787,United States (Hawaii),7.25,7.58,7.58,7.25,7.5,7.42,10,10,10,7.5,82.08,0.11
788,Mexico,7.42,7.58,7.5,7.33,7.42,7.42,10,10,10,7.42,82.08,0.13
789,Mexico,7.5,7.42,7.42,7.5,7.25,7.5,10,10,10,7.5,82.08,0.13
790,Mexico,7.67,7.5,7.25,7.58,7.42,7.33,10,10,10,7.33,82.08,0.11
791,Vietnam,7.67,8,7.17,7.08,7.67,7.08,10,10,10,7.42,82.08,0.12
792,Mexico,7.58,7.42,7.25,7.75,7.33,7.42,10,10,10,7.33,82.08,0.11
793,United States (Hawaii),7.33,7.5,7.33,7.58,7.08,7.83,10,10,10,7.42,82.08,0.1
794,Colombia,7.67,7.42,7.67,7.33,7.25,7.58,10,10,10,7.17,82.08,0.08
795,Honduras,7.5,7.5,7.17,7.5,7.5,7.42,10,10,10,7.42,82,0.12
796,Honduras,7.5,7.5,7.25,7.33,7.42,7.5,10,10,10,7.5,82,0.1
797,Brazil,7.5,7.33,7.42,7.5,7.33,7.42,10,10,10,7.5,82,0.11
798,"Tanzania, United Republic Of",7.67,7.33,7.33,7.42,7.42,7.42,10,10,10,7.42,82,0.13
799,Laos,7.42,7.5,7.25,7.33,7.5,7.5,10,10,10,7.5,82,0.12
800,"Tanzania, United Republic Of",7.42,7.42,7.33,7.58,7.33,7.42,10,10,10,7.5,82,0.12
801,Malawi,7.5,7.42,7.33,7.58,7.33,7.5,10,10,10,7.33,82,0.13
802,Taiwan,7.33,7.5,7.17,7.42,7.5,7.33,10,10,10,7.75,82,0.09
803,Thailand,7.58,7.5,7.42,7.42,7.33,7.42,10,10,10,7.33,82,0.11
804,Costa Rica,7.5,7.25,7.33,7.33,7.75,7.5,10,10,10,7.33,82,0.1
805,Honduras,7.33,7.33,7.33,7.5,7.5,7.83,10,10,10,7.17,82,0.11
806,Colombia,7.33,7.33,7.58,7.5,7.5,7.58,10,10,10,7.17,82,0.11
807,Taiwan,7.42,7.58,7.33,7.42,8,7.5,9.33,10,10,7.42,82,0.12
808,Brazil,7.33,7.67,7.42,7.17,7.33,7.42,10,10,10,7.67,82,0.11
809,Mexico,7.67,7.33,7.25,7.5,7.42,7.42,10,10,10,7.42,82,0.12
810,Brazil,7.42,7.5,7.33,7.5,7.33,7.5,10,10,10,7.42,82,0.12
811,Brazil,7.42,7.5,7.25,7.5,7.5,7.42,10,10,10,7.42,82,0.11
812,Guatemala,7.33,7.33,7.33,7.5,7.67,7.67,10,10,10,7.17,82,0.11
813,Brazil,7.58,7.5,7.17,7.5,7.5,7.42,10,10,10,7.33,82,0.12
814,Guatemala,7.75,7.33,7.33,7.42,7.75,7.67,10,10,9.33,7.42,82,0
815,Colombia,7.33,7,7.08,7.42,7.5,7.67,10,10,10,8,82,0.07
816,Guatemala,7.58,7.5,7.25,7.58,7.58,7.5,9.33,10,10,7.58,81.92,0.1
817,Guatemala,7.5,7.5,7.25,7.42,7.42,7.42,10,10,10,7.42,81.92,0.11
818,Honduras,7.58,7.5,7.25,7.33,7.42,7.5,10,10,10,7.33,81.92,0.12
819,Brazil,7.42,7.33,7.33,7.5,7.5,7.33,10,10,10,7.5,81.92,0.11
820,El Salvador,7.67,7.58,7.33,7.5,7.5,7.67,10,10,9.33,7.33,81.92,0.11
821,Guatemala,7.58,7.58,7.17,7.83,7.17,7.33,10,10,10,7.25,81.92,0.11
822,"Tanzania, United Republic Of",7.33,7.33,7.33,7.42,7.5,7.58,10,10,10,7.42,81.92,0.12
823,Nicaragua,7.58,7.42,7.25,7.17,7.5,7.67,10,10,10,7.33,81.92,0.12
824,Zambia,7.67,7.08,7.42,7.33,7.75,7.42,10,10,10,7.25,81.92,0
825,Honduras,7.42,7.33,7.33,7.58,7.33,7.5,10,10,10,7.42,81.92,0.11
826,Taiwan,7.5,7.5,7.42,7.25,7.5,7.5,10,10,10,7.25,81.92,0.11
827,Mexico,7.58,7.5,7.25,7.58,7.5,7.25,10,10,10,7.25,81.92,0.12
828,Mexico,7.5,7.5,7.25,7.25,7.5,7.5,10,10,10,7.42,81.92,0.13
829,Mexico,7.5,7.42,7.25,7.5,7.33,7.33,10,10,10,7.58,81.92,0.14
830,Mexico,7.33,7.58,7.17,7.58,7.42,7.33,10,10,10,7.5,81.92,0.12
831,Mexico,7.67,7.42,7.33,7.83,7.5,7.5,9.33,10,10,7.33,81.92,0.12
832,Brazil,7.42,7.58,7.25,7.5,7.33,7.5,10,10,10,7.33,81.92,0.12
833,Colombia,7.67,7.33,7.33,7.58,7.33,7.33,10,10,10,7.33,81.92,0.09
834,Guatemala,7.42,7.5,7.25,7.5,7.33,7.42,10,10,10,7.42,81.83,0.1
835,Costa Rica,7.25,7.33,7.5,7.33,7.67,7.42,10,10,10,7.33,81.83,0
836,Brazil,7.42,7.5,7.42,7.5,7.42,7.25,10,10,10,7.33,81.83,0.11
837,Indonesia,7.75,7.83,7.58,7.75,7.92,7.83,10,10,10,5.17,81.83,0.11
838,Guatemala,7.58,7.5,7.33,7.42,7.58,7.25,10,10,10,7.17,81.83,0.1
839,Brazil,7.17,7.58,6.83,7.5,7.75,7.25,10,10,10,7.75,81.83,0
840,Brazil,7.58,7,6.92,6.92,7.67,7.5,10,10,10,8.25,81.83,0
841,Myanmar,7.33,7.58,7.5,7.42,7.33,7.33,10,10,10,7.33,81.83,0
842,Mexico,7.58,7.5,7.33,7.5,7.17,7.33,10,10,10,7.42,81.83,0.11
843,Honduras,7.5,7.5,7.33,7.5,7.42,7.25,10,10,10,7.33,81.83,0.12
844,Costa Rica,7.67,7.5,7.5,7.25,7.08,7.42,10,10,10,7.42,81.83,0.09
845,Taiwan,7.67,7.33,7.17,7.25,7.75,7.33,10,10,10,7.33,81.83,0
846,Indonesia,7.42,7.42,7.42,7.33,7.42,7.42,10,10,10,7.42,81.83,0.11
847,Malawi,7.58,7.42,7.33,7.33,7.33,7.42,10,10,10,7.42,81.83,0.13
848,Brazil,7.33,7.58,7.25,7.17,7.83,7.33,10,10,10,7.33,81.83,0.11
849,Honduras,7.5,7.5,7.33,7.33,7.33,7.33,10,10,10,7.5,81.83,0.1
850,Mexico,7.42,7.42,7.25,7.5,7.33,7.42,10,10,10,7.5,81.83,0.11
851,Colombia,7.5,7.5,7,7.42,7.5,7.58,10,10,10,7.33,81.83,0
852,United States (Hawaii),7.83,7.83,7.83,8,7.83,7.83,10,6.67,10,8,81.83,0
853,Brazil,7.75,7.75,7.5,7.42,7.83,7.75,9.33,9.33,9.33,7.83,81.83,0.12
854,Guatemala,7.83,7.67,7.33,7.33,7.67,7.83,9.33,10,9.33,7.5,81.83,0.11
855,Mexico,7.83,7.33,7.25,7.58,7.25,7.33,10,10,10,7.25,81.83,0.12
856,Mexico,7.33,7.33,7.25,7.5,7.5,7.5,10,10,10,7.42,81.83,0.12
857,Brazil,7.33,7.67,7.25,7.5,7.5,7.25,10,10,10,7.33,81.83,0.02
858,Colombia,7.58,7.5,7.17,7.58,7.33,7.33,10,10,10,7.33,81.83,0.05
859,United States (Hawaii),7.25,7.58,7.83,7.67,7.75,7.75,9.33,9.33,10,7.33,81.83,0.02
860,Guatemala,7.5,7.5,7.25,7.42,7.42,7.33,10,10,10,7.33,81.75,0.11
861,Vietnam,7,7.08,7.33,7.5,7.5,7.33,10,10,10,8,81.75,0.12
862,"Tanzania, United Republic Of",7.42,7.42,7.42,7.42,7.33,7.33,10,10,10,7.42,81.75,0.12
863,Brazil,7.17,7.25,7.17,7.25,7.42,8.25,10,10,10,7.25,81.75,0.1
864,Mexico,7.5,7.5,7.33,7.42,7.25,7.25,10,10,10,7.5,81.75,0.13
865,Mexico,7.42,7.5,7.17,7.67,7.33,7.42,10,10,10,7.25,81.75,0.13
866,Mexico,7.42,7.5,7.33,7.58,7.33,7.33,10,10,10,7.25,81.75,0.11
867,Mexico,7.33,7.42,7.33,7.67,7.42,7.25,10,10,10,7.33,81.75,0.12
868,Mexico,7.5,7.42,7.25,7.33,7.67,7.25,10,10,10,7.33,81.75,0.12
869,Colombia,7.33,7.42,7.33,7.33,7.5,7.67,10,10,10,7.17,81.75,0
870,Colombia,7.42,7.58,6.92,7.08,7.25,8,10,10,10,7.5,81.75,0.08
871,Brazil,7.42,7.5,7.25,7.5,7.5,7.25,10,10,10,7.25,81.67,0.11
872,Guatemala,7.42,7.42,7.08,7.42,7.33,7.42,10,10,10,7.58,81.67,0.1
873,Guatemala,7.42,7.33,7.17,7.67,7.33,7.42,10,10,10,7.33,81.67,0.12
874,Honduras,7.58,7.5,7.33,7.33,7.42,7.25,10,10,10,7.25,81.67,0.11
875,"Tanzania, United Republic Of",7.17,7.33,7.33,7.42,7.5,7.33,10,10,10,7.58,81.67,0
876,Nicaragua,7.58,7.5,7.25,7.25,7.5,7.25,10,10,10,7.33,81.67,0.1
877,Colombia,7.75,7.75,7.75,7.67,5.25,7.83,10,10,10,7.67,81.67,0
878,Brazil,7.25,7.75,6.92,7.42,7.5,7.58,10,10,10,7.25,81.67,0
879,"Tanzania, United Republic Of",7.42,7.33,7.25,7.42,7.5,7.42,10,10,10,7.33,81.67,0.12
880,"Tanzania, United Republic Of",7.33,7.33,7.5,7.25,7.42,7.33,10,10,10,7.5,81.67,0.12
881,Brazil,7.25,7.42,7.25,7.5,7.5,7.42,10,10,10,7.33,81.67,0.1
882,Indonesia,7.17,7.42,7.33,7.42,7.33,7.42,10,10,10,7.58,81.67,0.11
883,Honduras,7.5,7.33,7.5,7.5,7.17,7.17,10,10,10,7.5,81.67,0.1
884,Costa Rica,7.5,7.17,7.17,7.17,7.5,7.08,10,10,10,8.08,81.67,0.11
885,Mexico,7.42,7.42,7.67,8,7.58,7.5,9.33,9.33,10,7.42,81.67,0
886,Taiwan,7.5,7.5,7.5,7.25,7.42,7.25,10,10,10,7.25,81.67,0.11
887,Taiwan,7.58,7.42,7.33,7.42,7.33,7.33,10,10,10,7.25,81.67,0.11
888,Mexico,7.5,7.42,7.08,7.58,7.33,7.33,10,10,10,7.42,81.67,0.12
889,Guatemala,7.5,7.67,7.33,7.33,7.33,7.33,10,10,10,7.17,81.67,0.11
890,Mexico,7.25,7.67,7.58,7.67,7.67,7.58,8.67,10,10,7.58,81.67,0.13
891,Mexico,7.67,7.25,7.17,7.75,7.5,7.25,10,10,10,7.08,81.67,0.11
892,Mexico,7.5,7.42,7.33,7.42,7.42,7.42,10,10,10,7.17,81.67,0.11
893,Mexico,7.58,7.42,7.25,7.58,7.25,7.17,10,10,10,7.42,81.67,0.11
894,Mexico,7.75,7.58,7.25,7.17,7.58,7.33,9.33,10,10,7.67,81.67,0.11
895,United States (Hawaii),7.42,7.33,7.33,7.33,7.17,7.83,10,10,10,7.25,81.67,0.1
896,Honduras,7.5,7.42,7.08,7.42,7.5,7.33,10,10,10,7.33,81.58,0.11
897,Guatemala,7.42,7.42,7.08,7.5,7.42,7.33,10,10,10,7.42,81.58,0.12
898,Taiwan,7.42,7.42,7.25,7.67,7.33,7.25,10,10,10,7.25,81.58,0.1
899,Costa Rica,7.58,7.42,7.5,7.17,7.08,7.58,10,10,10,7.25,81.58,0.12
900,"Tanzania, United Republic Of",7.42,7.42,7.33,7.42,7.42,7.33,10,10,10,7.25,81.58,0.12
901,Malawi,7.42,7.42,7.17,7.58,7.33,7.33,10,10,10,7.33,81.58,0.13
902,Taiwan,7.33,7.17,7.08,7.08,8.33,8.25,10,10,9.33,7,81.58,0
903,Brazil,7.42,7.42,7.33,7.33,7.5,7.25,10,10,10,7.33,81.58,0.12
904,Guatemala,7.42,7.33,7.17,7.58,7.42,7.5,10,10,10,7.17,81.58,0.12
905,Mexico,7.67,7.5,7.42,7.5,6.75,7.42,10,10,10,7.33,81.58,0.12
906,Mexico,7.33,7.5,7.25,7.5,7.5,7.17,10,10,10,7.33,81.58,0.11
907,Mexico,7.67,7.58,7.42,7.58,7.58,7.42,10,10,8.67,7.67,81.58,0.11
908,Thailand,7.08,7.33,7.58,7.58,7.17,7.5,10,10,10,7.33,81.58,0.01
909,Thailand,7.33,7.33,7.17,7.5,7.58,7.33,10,10,10,7.33,81.58,0.2
910,Costa Rica,7.25,7.17,7.33,7.33,7.5,7.75,10,10,10,7.25,81.58,0
911,Guatemala,7.67,7.58,7.17,7.42,7.33,7.42,9.33,10,10,7.58,81.5,0.1
912,Nicaragua,7.5,7.42,7.33,7.33,7.25,7.33,10,10,10,7.33,81.5,0.11
913,Honduras,7.5,7.5,7.33,7.42,7.17,7.25,10,10,10,7.33,81.5,0.1
914,Guatemala,7.5,7.42,7.25,7.25,7.5,7.25,10,10,10,7.33,81.5,0.12
915,Taiwan,7.5,7.42,7.33,7.08,7.58,7.25,10,10,10,7.33,81.5,0.12
916,Myanmar,7.25,7.42,7.25,7.5,7.33,7.33,10,10,10,7.42,81.5,0
917,Costa Rica,7.83,7.33,7.08,7.08,7.33,7.5,10,10,10,7.33,81.5,0.12
918,Malawi,7.67,7.42,6.92,7.5,7.5,7.17,10,10,10,7.33,81.5,0.12
919,Guatemala,7.5,7.42,7.17,7.58,7.25,7.42,10,10,10,7.17,81.5,0.12
920,Taiwan,7.42,7.33,7.67,7.33,7.42,7.5,10,10,9.33,7.5,81.5,0.11
921,Brazil,7.58,7.5,7.5,7.67,7.67,7.83,9.33,9.33,9.33,7.75,81.5,0
922,Haiti,7.42,7.33,7.25,7.42,7.42,7.33,10,10,10,7.33,81.5,0.11
923,Taiwan,7.5,7.42,7.25,7.25,7.33,7.33,10,10,10,7.42,81.5,0.11
924,Mexico,7.33,7.33,7.17,7.42,7.5,7.5,10,10,10,7.25,81.5,0.13
925,Mexico,7.58,7.42,7.25,7.42,7.33,7.33,10,10,10,7.17,81.5,0.12
926,Mexico,7.42,7.25,7.17,7.42,7.17,8,10,10,10,7.08,81.5,0.12
927,Mexico,7.33,7.5,7.33,7.33,7.33,7.42,10,10,10,7.25,81.5,0.11
928,Mexico,7.42,7.42,7.33,7.17,7.25,7.42,10,10,10,7.5,81.5,0.13
929,Mexico,7.5,7.5,7.25,7.5,7.42,7.58,9.33,10,10,7.42,81.5,0.11
930,Indonesia,7.75,7.17,7.17,7.33,7.58,7.33,10,10,10,7.17,81.5,0.12
931,Brazil,7.5,7.42,7.17,7.42,7.5,7.33,10,10,10,7.17,81.5,0.12
932,Guatemala,7.33,7.5,7.33,7.42,7.17,7.33,10,10,10,7.42,81.5,0.11
933,Colombia,7.42,7.42,7.17,7.42,7.42,7.33,10,10,10,7.33,81.5,0.06
934,United States (Hawaii),7.33,7.33,7.33,7.5,7.5,7.83,9.33,10,10,7.33,81.5,0
935,Mexico,7.58,7.33,7.08,7.33,7.5,7.33,10,10,10,7.25,81.42,0.12
936,Guatemala,7.42,7.33,7.08,7.58,7.33,7.25,10,10,10,7.42,81.42,0.1
937,Brazil,7.33,7.5,7.5,7.33,6.83,7.42,10,10,10,7.5,81.42,0.11
938,Honduras,7.5,7.33,7.17,7.25,7.5,7.42,10,10,10,7.25,81.42,0.12
939,Taiwan,7.83,7.75,7.42,7.17,7.08,7.08,10,10,10,7.08,81.42,0.12
940,Malawi,7.58,7.17,7.33,7.42,7.08,7.42,10,10,10,7.42,81.42,0.12
941,Brazil,7.25,7.5,7.42,7.17,7.33,7.33,10,10,10,7.42,81.42,0
942,Guatemala,7.42,7.5,7.17,7.42,7.42,7.42,10,10,10,7.08,81.42,0.1
943,Mexico,7.67,7.33,7.25,7.17,7.25,7.42,10,10,10,7.33,81.42,0
944,Peru,7.42,7.42,7.17,7.33,7.42,7.42,10,10,10,7.25,81.42,0.1
945,Guatemala,7.42,7.33,7.25,7.42,7.42,7.5,10,10,10,7.08,81.42,0.12
946,Mexico,7.42,7.33,7.25,7.17,7.25,7.42,10,10,10,7.58,81.42,0.13
947,Mexico,7.42,7.42,7.25,7.25,7.5,7.33,10,10,10,7.25,81.42,0.13
948,Colombia,7.5,7.42,7.25,7.17,7.17,7.75,10,10,10,7.17,81.42,0.11
949,Colombia,7.75,7.33,7.42,7,7.33,7.25,10,10,10,7.33,81.42,0.16
950,United States (Hawaii),7.83,7,7,7.58,7.58,7.5,10,10,10,6.92,81.42,0.01
951,Colombia,7.5,7.33,7.33,7.17,7.33,7.42,10,10,10,7.25,81.33,0
952,Honduras,7.5,7.5,7,7.17,7.5,7.33,10,10,10,7.33,81.33,0.11
953,Mexico,7.67,7.42,7,7.42,7.58,7.08,10,10,10,7.17,81.33,0.12
954,Brazil,7.25,7.33,7.33,7.33,7.33,7.42,10,10,10,7.33,81.33,0.11
955,Honduras,7.58,7.42,7.17,7.42,7.17,7.17,10,10,10,7.42,81.33,0.09
956,Brazil,7.17,7.33,7.42,7.25,7.42,7.33,10,10,10,7.42,81.33,0.12
957,Philippines,7.08,7.33,7.42,7.33,7.33,7.5,10,10,10,7.33,81.33,0.14
958,Malawi,7.75,7.33,7.08,7.33,7.33,7.25,10,10,10,7.25,81.33,0.13
959,Honduras,7.33,7.33,7.17,7.33,7.5,7.33,10,10,10,7.33,81.33,0.12
960,Mexico,7.58,7.42,7.25,7.33,7.25,7.25,10,10,10,7.25,81.33,0.13
961,Mexico,7.33,7.25,7.17,7.42,7.58,7.33,10,10,10,7.25,81.33,0.12
962,Brazil,7.5,7.58,7.5,7.5,7.75,7.83,9.33,9.33,9.33,7.58,81.33,0.11
963,Taiwan,7.83,7.75,7.67,7.83,7.83,7.75,9.33,10,10,5.25,81.25,0.12
964,Brazil,7.17,7.42,7.17,7.08,6.92,8.17,10,10,10,7.33,81.25,0
965,Nicaragua,7.08,7.5,7.33,7.17,7.42,7.25,10,10,10,7.5,81.25,0.1
966,Honduras,7.42,7.17,7.17,7.5,7.33,7.25,10,10,10,7.42,81.25,0.12
967,Guatemala,7.33,7.42,7.17,7.25,7.42,7.33,10,10,10,7.33,81.25,0.09
968,"Tanzania, United Republic Of",7.33,7.17,7.17,7.5,7.25,7.42,10,10,10,7.42,81.25,0.13
969,Taiwan,7.5,7.5,7.25,7.25,7.25,7.25,10,10,10,7.25,81.25,0.11
970,Guatemala,7.5,7.33,7.5,7.58,7,7.25,10,10,10,7.08,81.25,0.11
971,Mexico,7.42,7.42,7.33,7.33,7.5,7.42,9.33,10,10,7.5,81.25,0.12
972,Nicaragua,7.33,7.5,7.17,7.17,7.58,7.17,10,10,10,7.25,81.17,0.09
973,"Tanzania, United Republic Of",7.67,7.17,7.17,7.33,7.5,7.17,10,10,10,7.17,81.17,0.12
974,Mexico,7.75,7.58,7.08,7.25,7.08,7.25,10,10,10,7.17,81.17,0.12
975,Costa Rica,7.5,7.5,7.33,7.17,7.08,7.17,10,10,10,7.42,81.17,0.11
976,Honduras,7.42,7.33,7,7.42,7.33,7.33,10,10,10,7.33,81.17,0.13
977,Thailand,6.83,7.42,7.42,7.17,7.5,7.42,10,10,10,7.42,81.17,0.12
978,Philippines,7.25,7.25,7.25,7.08,7.58,7.5,10,10,10,7.25,81.17,0
979,"Tanzania, United Republic Of",7.58,7.17,7.17,7.33,7.33,7.25,10,10,10,7.33,81.17,0.12
980,Malawi,7.58,7.25,7.33,7.08,7.33,7.33,10,10,10,7.25,81.17,0.12
981,Costa Rica,7.33,7.08,7.33,7.25,7.33,7.58,10,10,10,7.25,81.17,0.11
982,Brazil,7.42,7.42,7.17,7.42,7.33,7.25,10,10,10,7.17,81.17,0.11
983,Mexico,7.42,7.25,7.08,7.75,7.42,7.17,10,10,10,7.08,81.17,0.13
984,Guatemala,7.42,7.25,7.33,7.25,7.25,7.42,10,10,10,7.25,81.17,0.12
985,Brazil,7.42,7.33,7.25,7.42,7.5,7.17,10,10,10,7.08,81.17,0.12
986,United States (Hawaii),7.25,7.75,7.67,7.67,7.42,7.67,8.67,9.33,10,7.75,81.17,0.04
987,Ethiopia,7.42,7.33,7.17,7.33,7.42,7.17,10,10,10,7.25,81.08,0.11
988,Brazil,7.58,7.42,7.5,7.25,7.75,7.58,9.33,10,9.33,7.33,81.08,0.11
989,Nicaragua,7.33,7.33,7.33,7.42,7.33,7.33,10,10,10,7,81.08,0.11
990,United States,7.42,7.17,7.33,7.42,7.25,7.33,10,10,10,7.17,81.08,0
991,"Tanzania, United Republic Of",7.42,7.33,7.33,7.25,7.25,7.33,10,10,10,7.17,81.08,0.13
992,Costa Rica,7.42,7.25,7.17,7.25,7.25,7.58,10,10,10,7.17,81.08,0.13
993,United States (Puerto Rico),7.67,7.75,7.67,7.58,7.58,7.67,6.67,10,10,8.5,81.08,0
994,Mexico,7.25,7.42,7.33,7.33,7.17,7.33,10,10,10,7.25,81.08,0.13
995,Mexico,7.33,7.25,7.33,7.42,7.25,7.42,10,10,10,7.08,81.08,0.12
996,Mexico,7.33,7.33,7.25,7.42,7.25,7.25,10,10,10,7.25,81.08,0.11
997,Mexico,7.42,7.33,7.25,7.42,7.17,7.25,10,10,10,7.25,81.08,0.1
998,United States (Hawaii),7.42,7.42,7.25,7.58,6.92,7.17,10,10,10,7.33,81.08,0.06
999,Brazil,7.25,7.25,7.17,7.5,7.33,7.17,10,10,10,7.33,81,0.11
1000,El Salvador,7.42,7.08,7.08,7.33,7.25,7.58,10,10,10,7.25,81,0
1001,Brazil,7.33,7.17,7.17,7.67,7.33,7.17,10,10,10,7.17,81,0.11
1002,Guatemala,7.42,7.25,7.17,7.5,7.25,7.17,10,10,10,7.25,81,0.09
1003,Colombia,7.67,7.5,7.42,5.25,7.67,7.75,10,10,10,7.75,81,0
1004,Guatemala,7.5,7.25,7,7.25,7.5,7.25,10,10,10,7.25,81,0.11
1005,Taiwan,7.25,7.17,7.17,7.25,7.5,7.33,10,10,10,7.33,81,0.12
1006,Honduras,7.42,7.25,7.25,7.33,7.25,7.17,10,10,10,7.33,81,0.12
1007,Brazil,7.67,7.75,7.83,7.75,7.83,7.75,10,6.67,10,7.75,81,0.12
1008,"Tanzania, United Republic Of",7.33,7.33,7.08,7.42,7.17,7.33,10,10,10,7.33,81,0.12
1009,Uganda,7.33,6.92,7.17,7.33,7.42,7.42,10,10,10,7.42,81,0.12
1010,Taiwan,7.5,6.92,7.33,7.33,7.33,7.33,10,10,10,7.25,81,0.11
1011,Thailand,7.33,7.42,7.25,7.42,7.25,7.17,10,10,10,7.17,81,0
1012,Mexico,7.08,7.33,7.33,7.33,7.42,7.25,10,10,10,7.25,81,0.12
1013,Mexico,7.58,7.67,7.5,7.67,7.58,7.5,8,10,10,7.5,81,0
1014,Taiwan,7.33,7.17,7.25,7.33,7.33,7.25,10,10,10,7.25,80.92,0
1015,Guatemala,7.67,7.67,7.33,7.58,7.67,7.5,9.33,9.33,9.33,7.5,80.92,0.1
1016,Kenya,7.17,7.58,7.5,7.5,8,7.75,10,10,10,5.42,80.92,0.11
1017,Mexico,7.5,7.33,7.17,7.42,7.5,7.33,9.33,10,10,7.33,80.92,0.11
1018,Myanmar,7.17,7.42,7,7.58,7.33,7,10,10,10,7.42,80.92,0
1019,United States (Hawaii),7.42,7.08,7.17,7.17,7.58,7.25,10,10,10,7.25,80.92,0.1
1020,"Tanzania, United Republic Of",7.33,7.17,7.17,7.25,7.42,7.33,10,10,10,7.25,80.92,0.12
1021,Brazil,7.25,7.33,7.25,7.25,7.25,7.33,10,10,10,7.25,80.92,0.12
1022,Taiwan,7.92,7.67,7.33,7.08,7.08,7.08,10,10,10,6.75,80.92,0.09
1023,Brazil,7.17,7.42,7.17,7.25,7.25,7.33,10,10,10,7.33,80.92,0.1
1024,Nicaragua,7.33,7.08,7.25,7,7.5,7.42,10,10,10,7.33,80.92,0.1
1025,Guatemala,7.58,7.42,6.92,7.5,7.25,7.17,10,10,10,7.08,80.92,0.12
1026,Taiwan,7.42,7.25,7.25,7.25,7.25,7.25,10,10,10,7.25,80.92,0.11
1027,Taiwan,7.25,7.17,7.08,7.08,7.08,8.08,10,10,10,7.17,80.92,0.11
1028,Taiwan,7.42,7.25,7.25,7.25,7.25,7.25,10,10,10,7.25,80.92,0.11
1029,Mexico,7.58,7.33,7.08,7.5,7.17,7.25,10,10,10,7,80.92,0.13
1030,Thailand,7.67,7.58,7.33,7.33,7.17,7,10,10,10,6.83,80.92,0
1031,Laos,7.42,7.33,7.17,7.17,7.17,7.25,10,10,10,7.33,80.83,0
1032,Guatemala,7.67,7.25,7.08,7.33,7.17,7.25,10,10,10,7.08,80.83,0.11
1033,Mexico,7.17,7.08,7.25,7.42,7.25,7.33,10,10,10,7.33,80.83,0.13
1034,Mexico,7.33,7.25,7.33,7.33,7.25,7.17,10,10,10,7.17,80.83,0.11
1035,Mexico,7.5,7.17,7.33,7.25,7.17,7.17,10,10,10,7.25,80.83,0.13
1036,United States (Hawaii),7.42,7.33,7,7.25,7.33,7.5,10,10,10,7,80.83,0.1
1037,Colombia,7.33,7.33,7,6.83,7.33,7.67,10,10,10,7.33,80.83,0.01
1038,Brazil,7.17,7.25,7.08,7.17,7.25,7.58,10,10,10,7.25,80.75,0
1039,Myanmar,6.92,7.5,7,7.58,7.5,7.08,10,10,10,7.17,80.75,0
1040,Guatemala,7.5,7.33,7,7.42,7.17,7.17,10,10,10,7.17,80.75,0.12
1041,Nicaragua,7.25,7.25,7.17,7.25,7.33,7.25,10,10,10,7.25,80.75,0.12
1042,Honduras,7.5,7.33,7,7.42,7.25,7.17,10,10,10,7.08,80.75,0.11
1043,Panama,7.25,7.33,7.17,7.33,7.33,7.17,10,10,10,7.17,80.75,0.11
1044,Honduras,7.42,7.17,7.08,7.42,7.25,7.25,10,10,10,7.17,80.75,0.09
1045,Honduras,7.25,7.33,7.08,7.5,7.25,7.33,10,10,10,7,80.75,0.13
1046,Costa Rica,7.33,7.33,7.25,7.25,7.17,7.17,10,10,10,7.25,80.75,0.11
1047,Mexico,7.58,7.33,7.42,7.25,7.5,7.5,9.33,9.33,10,7.5,80.75,0.11
1048,Haiti,7.42,7,7.42,7.25,7.08,7.33,10,10,10,7.25,80.75,0.12
1049,United States (Hawaii),7.08,7.33,7.17,7.25,7.33,7.67,10,10,10,6.92,80.75,0.13
1050,Taiwan,7.33,7.08,7.08,7.08,7.42,7.33,10,10,10,7.33,80.67,0
1051,Indonesia,7.58,7.42,7,7.67,7.5,7.5,9.33,9.33,10,7.33,80.67,0.13
1052,Guatemala,7.67,7.42,6.83,7.17,7.42,7.17,10,10,10,7,80.67,0.11
1053,Costa Rica,7.83,7.5,7.67,7.67,7.83,7.5,6.67,10,10,8,80.67,0.11
1054,Malawi,7.5,7.25,7.17,7.17,7.25,7.17,10,10,10,7.17,80.67,0.12
1055,Mexico,7.25,7.17,7.17,7.25,7.17,7.42,10,10,10,7.25,80.67,0.12
1056,Colombia,7.67,7.5,7.42,7.67,7.5,7.75,10,10,6.67,8.5,80.67,0
1057,Guatemala,7.67,7.17,7,7.5,7,7,10,10,10,7.33,80.67,0.12
1058,Guatemala,7,7.33,7.5,7.33,7,7.33,10,10,10,7.17,80.67,0.11
1059,Guatemala,7,7.5,7.33,7.17,7.17,7.17,10,10,10,7.33,80.67,0.11
1060,Colombia,7.17,7.25,7.08,7.42,7.08,7.42,10,10,10,7.25,80.67,0.18
1061,Brazil,7.33,7.25,7.33,7.08,7.58,7.25,9.33,10,10,7.42,80.58,0.11
1062,Nicaragua,7.08,7.5,7,7.25,7.42,7,10,10,10,7.33,80.58,0.11
1063,"Tanzania, United Republic Of",7.25,7.08,7.08,7.33,7.33,7.25,10,10,10,7.25,80.58,0.12
1064,Brazil,7.42,7.25,7.33,7,7.08,7.25,10,10,10,7.25,80.58,0
1065,Honduras,7.5,7.17,7,7.42,7.33,7,10,10,10,7.17,80.58,0.11
1066,Guatemala,7.17,7.42,6.83,7.5,7.17,7.25,10,10,10,7.25,80.58,0.11
1067,United States (Hawaii),7.42,7.58,7.5,7.92,7.83,7.83,8.67,8.67,9.33,7.83,80.58,0
1068,Colombia,7.08,7.25,7,7.5,7.08,7.33,10,10,10,7.33,80.58,0
1069,Taiwan,7.17,7.17,7.17,7.42,7.17,7.25,10,10,10,7.17,80.5,0
1070,Guatemala,7.33,7.25,7.08,7.17,7.25,7.17,10,10,10,7.25,80.5,0.1
1071,Honduras,7.58,7.33,7,7.17,7.33,7.08,10,10,10,7,80.5,0.11
1072,Mauritius,7.25,7.25,7.17,7.17,7.25,7.17,10,10,10,7.25,80.5,0.12
1073,Brazil,7.25,7.33,7.17,7.5,7.33,7.25,9.33,10,10,7.33,80.5,0.11
1074,Myanmar,7.17,7.33,7.17,7.42,7.25,7.08,10,10,10,7.08,80.5,0
1075,Guatemala,7.5,7.17,6.83,7.5,7.17,7.17,10,10,10,7.17,80.5,0.11
1076,Brazil,7.42,7.42,7.08,7.33,7.67,7.5,9.33,9.33,10,7.42,80.5,0.1
1077,United States (Hawaii),7.42,7.33,7.33,7.58,7.58,7.42,8.67,10,10,7.17,80.5,0.11
1078,Guatemala,7.5,7.5,7,7.67,7.17,7,10,10,10,6.67,80.5,0.12
1079,Mexico,7.25,7.25,7.08,7.33,7.25,7.17,10,10,10,7.17,80.5,0.15
1080,Honduras,7.25,7.42,7,7.42,7.33,7,10,10,10,7,80.42,0.1
1081,Taiwan,7.58,7.17,7.17,7.17,7.17,7.17,10,10,10,7,80.42,0.14
1082,El Salvador,7.33,7.17,7.08,7.08,7.33,7.17,10,10,10,7.25,80.42,0
1083,China,7.25,7.08,7.25,7.17,7.33,7.17,10,10,10,7.17,80.42,0.17
1084,Taiwan,7.25,7.25,7.17,7.25,7.25,7.25,10,10,10,7,80.42,0.11
1085,Mexico,6.92,7.17,7.08,7.5,7.33,7.17,10,10,10,7.25,80.42,0.1
1086,Mexico,7.42,7.08,7.08,7.33,7.25,7.17,10,10,10,7.08,80.42,0.12
1087,Burundi,7.08,7.25,7.17,7.33,7.08,7.08,10,10,10,7.33,80.33,0.12
1088,"Tanzania, United Republic Of",7.25,7.17,7,7.25,7.42,7.08,10,10,10,7.17,80.33,0.13
1089,"Tanzania, United Republic Of",7.25,7.17,7.25,7.25,7.25,7.08,10,10,10,7.08,80.33,0.12
1090,Taiwan,7.25,7.25,7.08,7.25,7.25,7.25,10,10,10,7,80.33,0.11
1091,Guatemala,7.33,7.33,6.83,7.5,7,7.17,10,10,10,7.17,80.33,0.11
1092,Mexico,7.25,7.08,7.08,7.33,7.33,7.17,10,10,10,7.08,80.33,0.11
1093,United States (Hawaii),7.17,7.5,6.92,7.33,7.67,7.33,9.33,10,10,7.08,80.33,0.12
1094,Ethiopia,7.25,7.25,7.25,7.33,7.5,8,9.33,9.33,10,7.08,80.33,0.1
1095,Brazil,7.17,7.33,7.42,7.08,7,7,10,10,10,7.25,80.25,0.11
1096,Honduras,7.25,7.25,7,7,7.42,7,10,10,10,7.33,80.25,0.1
1097,Mexico,7.25,7.17,7,7.33,7.33,7,10,10,10,7.17,80.25,0.1
1098,Myanmar,8,7.08,7,7.33,7.08,6.92,10,10,10,6.83,80.25,0.11
1099,Myanmar,7.42,7,7.08,7,7.17,7.33,10,10,10,7.25,80.25,0
1100,Nicaragua,7.08,6.92,7,7.25,7.5,7.25,10,10,10,7.25,80.25,0.11
1101,United States (Hawaii),7.5,7.08,7.67,7.67,7.42,7.58,9.33,9.33,9.33,7.33,80.25,0.12
1102,Colombia,7.42,8,7.83,7.75,8.08,7.58,8.67,8.67,8.67,7.58,80.25,0.1
1103,Taiwan,7.25,7.08,7.25,7.25,7.17,7.25,10,10,10,7,80.25,0.11
1104,Guatemala,7,7.17,7.33,7.33,7,7.17,10,10,10,7.25,80.25,0.11
1105,Mexico,7.58,7.33,7.17,7.25,6.75,7,10,10,10,7.17,80.25,0.11
1106,Vietnam,7.42,7.25,7.25,7.58,7.42,7.33,8.67,10,10,7.25,80.17,0
1107,Nicaragua,7.17,7.08,7.08,7.33,7.25,7.08,10,10,10,7.17,80.17,0.11
1108,Honduras,7.25,7.25,7,7.17,7.08,7.08,10,10,10,7.33,80.17,0.11
1109,Guatemala,7.33,7.33,7,7.17,7.17,7.17,10,10,10,7,80.17,0.11
1110,Mexico,7.33,7.08,6.92,7.42,7.25,7.08,10,10,10,7.08,80.17,0.11
1111,Mexico,7.58,7.42,7.33,7.5,7.08,7.17,8.67,10,10,7.42,80.17,0.14
1112,Mexico,7.33,7.33,7.17,7.08,7.25,7,10,10,10,7,80.17,0.12
1113,Guatemala,7.33,7.33,7,7.33,7,7,10,10,10,7.17,80.17,0.11
1114,United States (Hawaii),7.58,7.5,7.33,7.33,7.67,7.33,9.33,9.33,9.33,7.42,80.17,0.05
1115,Brazil,7.17,7.17,7,7.17,7.25,7.25,10,10,10,7.08,80.08,0.11
1116,Taiwan,7.42,7.25,7.25,7.17,7,7,10,10,10,7,80.08,0.07
1117,Nicaragua,7.25,7.17,6.92,7.25,7.17,7.25,10,10,10,7.08,80.08,0.1
1118,Taiwan,7.25,7.25,7.25,7.25,7.08,7,10,10,10,7,80.08,0.11
1119,Taiwan,7.25,7.25,7.25,7,7.25,7.08,10,10,10,7,80.08,0.11
1120,Taiwan,7.25,7.25,7.25,7.08,7.17,7.08,10,10,10,7,80.08,0.11
1121,Mexico,7.33,7.17,7.25,7.08,7.08,7.08,10,10,10,7.08,80.08,0.15
1122,Mexico,7.25,7.08,7,7.17,7.33,7.17,10,10,10,7.08,80.08,0.14
1123,Nicaragua,7.33,7.08,6.92,7.08,7.42,7.17,10,10,10,7,80,0.1
1124,Myanmar,7.17,7.33,7,7.42,7.17,7,10,10,10,6.92,80,0
1125,Mexico,7.58,7.75,7.42,7.5,7.5,7.5,8.67,8.67,10,7.42,80,0
1126,Taiwan,7.25,7.25,7.25,7,7.25,7,10,10,10,7,80,0.11
1127,Thailand,7.33,6.67,7.08,7.42,7.42,7.08,10,10,10,7,80,0
1128,Mexico,7.25,7.25,7.08,7.17,7.33,7.33,9.33,10,10,7.25,80,0.12
1129,Mexico,7.08,7.33,7,7.33,7.08,7,10,10,10,7.17,80,0.11
1130,Ethiopia,7.42,7.42,7.5,7.92,7.75,7.58,8.67,9.33,8.67,7.75,80,0.05
1131,Colombia,7.83,7.67,7.58,7.75,7.83,7.17,6.67,10,10,7.42,79.92,0
1132,United States (Hawaii),7.5,7,7,6.92,7.33,7.17,10,10,10,7,79.92,0.11
1133,Mexico,7.33,7.08,7.08,7.33,7.42,7.17,9.33,10,10,7.17,79.92,0.12
1134,Mexico,7.17,7.17,6.92,7.25,7.33,7.08,10,10,10,7,79.92,0.12
1135,Mexico,7.5,7.17,7,7.17,7.25,7.08,10,10,10,6.75,79.92,0
1136,Mexico,7.17,7.08,7.08,7.08,7.5,7.33,9.33,10,10,7.33,79.92,0.11
1137,Mexico,7.33,7.25,7,7.42,7.17,7.17,9.33,10,10,7.25,79.92,0.12
1138,Mexico,7.17,7.33,7.08,7.58,7.33,7.08,10,9.33,10,7,79.92,0.11
1139,United States (Hawaii),7.5,7.42,7.58,7.42,7.5,7.58,8.67,8.67,10,7.58,79.92,0.05
1140,Kenya,7,7.08,7,7.17,7.25,7.25,10,10,10,7.08,79.83,0.11
1141,Guatemala,7.33,7.25,6.92,7.33,7.25,7.33,9.33,10,10,7.08,79.83,0.1
1142,Nicaragua,6.83,7.17,7.17,6.92,7.5,7.08,10,10,10,7.17,79.83,0.11
1143,Mexico,7.17,7.08,7,7.25,7.5,7,10,10,10,6.83,79.83,0.12
1144,United States (Hawaii),7.58,7.08,6.83,7.17,7.5,7.17,9.33,10,10,7.17,79.83,0.12
1145,Guatemala,7.5,7.42,7.25,7.58,7.33,7.42,9.33,9.33,9.33,7.25,79.75,0.1
1146,Taiwan,7.75,7.33,7.17,7.33,7.67,7.83,9.33,9.33,8.67,7.33,79.75,0
1147,Taiwan,7.08,7.08,7.25,7,7.17,7.17,10,10,10,7,79.75,0.1
1148,Thailand,7.25,7.08,6.92,7.5,7.08,6.92,10,10,10,7,79.75,0.12
1149,Peru,7,7.08,7,7.25,7.5,7.42,9.33,10,10,7.17,79.75,0.12
1150,Costa Rica,7.58,7.5,7.67,7.75,7.67,7.58,8,8,10,8,79.75,0.1
1151,Mexico,7.58,7.08,7,7,7.5,6.92,10,10,10,6.67,79.75,0.12
1152,Mexico,7.58,7.08,6.92,7.58,7.5,6.92,10,9.33,10,6.83,79.75,0.13
1153,Mexico,7.25,7.08,7,7.17,7.17,7.08,10,10,10,7,79.75,0.12
1154,Mexico,7.25,7.17,7.17,7.08,7.17,7,10,10,10,6.92,79.75,0.14
1155,Mexico,7.33,7.25,7,7.08,7.08,7,10,10,10,7,79.75,0.1
1156,Guatemala,7.58,7.33,7.5,7.33,7,7.33,9.33,9.33,9.33,7.67,79.75,0
1157,Mexico,7.25,6.83,6.92,7.08,7.25,7.08,10,10,10,7.33,79.75,0.12
1158,Guatemala,7.42,7.42,7.25,7.58,7.42,7.33,9.33,9.33,9.33,7.25,79.67,0.1
1159,El Salvador,7.25,7.08,7,6.83,7.33,7.17,10,10,10,7,79.67,0
1160,Thailand,6.92,7.17,6.83,7.42,7.17,7.08,10,10,10,7.08,79.67,0.12
1161,Guatemala,7.5,7,6.83,7.08,7.08,7.17,10,10,10,7,79.67,0.11
1162,Mexico,7.42,7.25,6.83,7.58,7.17,6.58,10,10,10,6.83,79.67,0.12
1163,Mexico,7.33,7.17,7,6.75,7.08,7,10,10,10,7.33,79.67,0.13
1164,Mexico,6.92,7.17,7.17,7.17,7.08,7.08,10,10,10,7.08,79.67,0
1165,Thailand,7.17,7.17,7,7,7.25,6.92,10,10,10,7.17,79.67,0
1166,Mexico,7.08,7,6.92,7.33,7.25,7.08,10,10,10,6.92,79.58,0.12
1167,Mexico,7.25,6.92,6.92,7.33,7.25,7,10,10,10,6.92,79.58,0.13
1168,Colombia,7.25,7.17,7,6.75,7.17,7.33,10,10,10,6.92,79.58,0.1
1169,Guatemala,7.08,7,6.83,7.33,7.25,7,10,10,10,7.08,79.58,0.17
1170,Nicaragua,6.92,6.92,7,7.42,7.25,7,10,10,10,7,79.5,0.12
1171,Taiwan,6.92,7,7.17,7,7.42,7,10,10,10,7,79.5,0
1172,Colombia,7.83,7.5,7.42,7.42,7.67,7.5,10,6.67,10,7.5,79.5,0
1173,Mexico,7.25,7.08,6.92,7.25,7.58,7.08,9.33,10,10,7,79.5,0.12
1174,Mexico,7.25,7.33,7,7.25,7.17,7.17,9.33,10,10,7,79.5,0.12
1175,Guatemala,7.08,7.33,7.25,7.58,7.33,7.42,9.33,9.33,9.33,7.42,79.42,0.1
1176,Guatemala,7.25,7.33,6.83,7,7,7.17,10,10,10,6.83,79.42,0.1
1177,Mexico,7,6.83,6.83,7.42,7.33,7.17,10,10,10,6.83,79.42,0.13
1178,Cote d?Ivoire,7.42,7.25,6.83,7,7.33,7.08,9.33,10,10,7.08,79.33,0.13
1179,Colombia,7.42,7.25,6.75,7.25,7.42,7.25,9.33,9.33,10,7.33,79.33,0
1180,Mexico,7,7,6.83,7.33,7.42,6.92,10,10,10,6.83,79.33,0.14
1181,Mexico,7.42,7.17,7.08,7.17,7.08,7.08,9.33,10,10,7,79.33,0.14
1182,Guatemala,7.17,6.5,6.33,7.25,7.58,7.33,10,10,10,7.17,79.33,0.11
1183,Taiwan,7.08,6.83,6.83,7.25,7.42,7.08,10,10,10,6.75,79.25,0.11
1184,Mexico,7,7,6.92,7.17,7.17,7.08,10,10,10,6.92,79.25,0.13
1185,Guatemala,7.33,7.42,7.33,7.42,7.5,7.42,8.67,9.33,9.33,7.42,79.17,0.1
1186,Honduras,7.58,7,6.75,6.92,7,6.92,10,10,10,7,79.17,0.11
1187,Guatemala,7.08,7,6.92,7.42,7,6.92,10,10,10,6.83,79.17,0.11
1188,Guatemala,7.25,7.17,6.75,7.25,7,6.92,10,10,10,6.83,79.17,0.11
1189,Costa Rica,7.17,7.42,7.5,8,7.25,7.83,10,10,6.67,7.33,79.17,0.1
1190,Mexico,7.25,7.08,6.92,7.08,7.17,7.17,9.33,10,10,7.17,79.17,0.14
1191,Mexico,7.17,6.92,6.92,7.08,7.17,7,10,10,10,6.92,79.17,0.14
1192,Mexico,6.75,6.75,6.83,7.25,7.58,7.08,10,10,10,6.92,79.17,0.01
1193,Guatemala,7.58,7.67,7.42,7.42,7.67,7.67,8.67,8.67,8.67,7.67,79.08,0.1
1194,United States (Puerto Rico),7.42,7.08,6.75,7.33,7.33,6.92,10,9.33,10,6.92,79.08,0.13
1195,Mexico,7.33,7,6.92,7.25,7.33,7.08,9.33,10,10,6.83,79.08,0.16
1196,Mexico,7.25,7.08,6.75,7.33,7.42,7,9.33,10,10,6.92,79.08,0.11
1197,Mexico,7.17,7.25,7.25,7.17,7.25,7.08,9.33,9.33,10,7.25,79.08,0.1
1198,,6.75,6.75,6.42,6.83,7.58,7.5,10,10,10,7.25,79.08,0.1
1199,Guatemala,7.33,7.17,6.58,7.42,7.08,6.83,10,10,10,6.58,79,0.12
1200,Honduras,7,7,7,7,7,7,10,10,10,7,79,0.11
1201,Peru,7.67,7.17,7.08,7.25,8,7.5,8.67,9.33,9.33,7,79,0
1202,Mexico,6.75,7.08,6.67,7.25,7.17,7.08,10,10,10,7,79,0.12
1203,Mexico,7.5,7.17,6.92,7.5,7.25,7,8.67,10,10,7,79,0.14
1204,Mexico,7.17,6.83,6.83,7.25,7.17,6.92,10,10,10,6.83,79,0.14
1205,Mexico,7.33,7,6.75,7.08,7.17,7.25,9.33,10,10,7,78.92,0.12
1206,Mexico,7.5,7,6.92,7.08,6.92,6.75,10,10,10,6.75,78.92,0.16
1207,Nicaragua,7.17,7,6.92,7,7,7,10,10,10,6.75,78.83,0.1
1208,United States (Hawaii),7.5,6.92,6.92,7.25,7.58,7.42,9.33,9.33,9.33,7.17,78.75,0.12
1209,Guatemala,7.33,7.08,6.33,7.25,7,7,10,10,10,6.75,78.75,0.12
1210,Mexico,7.25,6.83,6.83,7,7.17,7,10,10,10,6.67,78.75,0.14
1211,Mexico,7.25,7.33,7.17,7.25,7.08,7,8.67,10,10,7,78.75,0.14
1212,Mexico,7.67,7.17,6.83,7.33,7.58,7.17,9.33,10,8.67,7,78.75,0.12
1213,China,7,6.92,6.83,7.17,7.17,7.17,10,10,9.33,7.08,78.67,0
1214,Mexico,6.92,6.92,6.67,7.25,7.17,6.92,10,10,10,6.83,78.67,0.13
1215,Nicaragua,7.08,7,6.75,6.83,7.08,6.92,10,10,10,6.92,78.58,0.1
1216,Nicaragua,6.83,7.08,6.92,6.75,7.25,7.08,10,10,10,6.67,78.58,0.11
1217,Guatemala,7.33,7.17,6.92,7.58,7.25,7.17,8.67,9.33,10,7.17,78.58,0.12
1218,Taiwan,6.83,6.75,7.17,7.25,7,6.92,10,10,10,6.67,78.58,0.1
1219,Mexico,7,7,6.75,7.33,6.92,6.92,10,10,10,6.67,78.58,0.13
1220,Mexico,7.92,7.58,7.58,7.92,7.92,7.5,8,6.67,10,7.5,78.58,0.1
1221,United States (Hawaii),7.92,6.83,7.08,7.42,6.75,7.33,8.67,9.33,10,7.25,78.58,0
1222,Mexico,7.25,6.75,6.92,6.92,7.25,7.58,9.33,9.33,10,7.17,78.5,0
1223,Mexico,7.08,6.83,6.83,7,7,6.92,10,10,10,6.83,78.5,0.12
1224,Mexico,7.25,7.17,7,6.83,7.58,7.08,8.67,10,10,6.92,78.5,0.13
1225,Brazil,6.83,7,6.92,7.08,6.92,6.83,10,10,10,6.83,78.42,0.12
1226,Mexico,7.58,7.17,7,7.17,7.33,7,8,10,10,7.17,78.42,0.14
1227,United States (Hawaii),7.5,7.75,7.58,7.83,7.92,7.92,7.33,8,8.67,7.83,78.33,0.1
1228,Guatemala,7.17,6.5,6.67,7,7.17,7.17,10,10,10,6.67,78.33,0.1
1229,Guatemala,7.17,7.17,6.5,7.17,7,6.83,10,10,10,6.5,78.33,0.11
1230,Mexico,7.25,7.25,7,7.5,7.33,7.42,8,9.33,10,7.75,78.33,0.13
1231,Guatemala,7.17,6.08,6.17,7.25,7.33,7.33,10,10,10,7,78.33,0.11
1232,United States (Hawaii),7.5,7.5,7.33,7.58,7.5,7.42,8.67,8.67,8.67,7.42,78.25,0.11
1233,United States (Hawaii),7.42,7.33,7.33,7.5,7.67,7.75,8,8.67,9.33,7.25,78.25,0.11
1234,Indonesia,6.92,6.83,6.92,6.92,6.92,6.83,10,10,10,6.83,78.17,0.13
1235,Mexico,7.08,6.83,6.67,7.25,7.25,6.92,10,9.33,10,6.75,78.08,0.11
1236,Taiwan,7.5,7.08,7.33,7.17,7.5,7.5,6.67,10,10,7.25,78,0
1237,Honduras,6.83,7,6.67,7,7,6.83,10,10,10,6.67,78,0.11
1238,United States (Hawaii),7.58,7.33,7.5,7.42,7.5,7.33,8,8.67,9.33,7.33,78,0.12
1239,Guatemala,7.42,7.25,6.83,7.33,7,6.92,9.33,9.33,9.33,7.25,78,0.1
1240,China,7.33,7.17,6.92,7.08,7.33,7,9.33,9.33,9.33,7.17,78,0.1
1241,Guatemala,7,6.83,6.83,7.17,6.67,6.83,10,10,10,6.67,78,0.11
1242,Mexico,7.25,7.33,7,7,7.25,7.08,10,10,8,7.08,78,0.12
1243,Colombia,7.42,7.17,7,7.17,7.67,7.17,8.67,9.33,9.33,7.08,78,0.1
1244,Costa Rica,7.5,7.25,7.42,7,7.08,6.83,8.67,9.33,10,6.83,77.92,0.12
1245,Mexico,7.42,7.25,7,7,7.25,7.08,8,10,10,6.92,77.92,0.11
1246,Guatemala,7.17,6.17,6.17,7.08,7.33,6.83,10,10,10,7.17,77.92,0.11
1247,Nicaragua,7.42,7,7,7.17,7.08,7,9.33,8.67,10,7.17,77.83,0.1
1248,Brazil,7,6.75,6.67,6.83,7.08,6.83,10,10,10,6.67,77.83,0.11
1249,Guatemala,7,6.83,6.67,7.17,6.83,6.83,10,10,10,6.5,77.83,0.11
1250,Taiwan,7.17,6.75,6.58,7.33,7.33,7.17,9.33,9.33,10,6.67,77.67,0.11
1251,United States (Hawaii),7.58,7.67,7.58,7.67,7.42,7.42,9.33,9.33,6,7.58,77.58,0.12
1252,Mexico,7.17,6.75,6.58,6.75,6.83,6.75,10,10,10,6.67,77.5,0.13
1253,Guatemala,7.08,6.92,6.33,7,6.92,7,10,10,10,6.17,77.42,0.11
1254,Brazil,7.5,7.33,7.42,7.58,7.58,6.92,8,8,10,7,77.33,0
1255,Guatemala,7.33,7,6.83,7.17,7.17,7.17,9.33,9.33,9.33,6.67,77.33,0.1
1256,Mexico,7.33,7,6.67,7,6.92,6.92,9.33,9.33,10,6.83,77.33,0.15
1257,Haiti,6.83,6.83,6.83,6.75,6.92,6.92,9.33,10,10,6.83,77.25,0.1
1258,United States (Hawaii),7.08,6.92,6.83,6.67,7.58,7.42,8.67,9.33,10,6.75,77.25,0.12
1259,Mexico,7.08,7,7,7.25,7.33,7.25,8.67,8.67,10,6.92,77.17,0.12
1260,Peru,7.42,7.75,7.42,7.67,7.92,7.83,8.67,5.33,9.33,7.67,77,0
1261,India,7.67,7.33,7.17,6.67,7.17,7.42,9.33,10,6.67,7.42,76.83,0
1262,Mexico,6.67,6.33,6.42,6.83,7,6.92,10,10,10,6.58,76.75,0
1263,Guatemala,6.42,6.5,6.5,7.33,6.33,6.92,10,10,10,6.5,76.5,0.12
1264,Mexico,7.17,6.58,6.58,7,7.25,6.58,9.33,9.33,10,6.58,76.42,0.13
1265,Guatemala,7.5,7,6.83,7.5,7.17,7.33,8.67,8.67,8.67,7,76.33,0.11
1266,Guatemala,6.17,6.5,6.5,7.17,7,6.83,10,10,10,6.17,76.33,0.11
1267,United States (Hawaii),7.25,7.08,6.83,7.17,7.33,6.83,8.67,8.67,9.33,7.08,76.25,0
1268,United States (Hawaii),7.5,7.33,7.33,7.58,7.67,7.25,8,8,8,7.5,76.17,0
1269,Mexico,7.42,7,6.83,7.08,6.92,6.83,7.33,10,10,6.75,76.17,0.16
1270,Indonesia,7.33,7,6.5,6.08,7.58,6.33,9.33,10,9.33,6.67,76.17,0.12
1271,Mexico,7.08,6.83,6.83,7.17,7.17,7.08,10,7.33,10,6.58,76.08,0.12
1272,Honduras,6.83,6.83,6.67,6.83,7,6.83,9.33,8.67,10,7,76,0.11
1273,Philippines,6.83,6.5,6.5,6.92,6.75,7,9.33,10,9.33,6.67,75.83,0.12
1274,Brazil,7.17,7,6.83,7.5,7.17,7,8,8,10,7,75.67,0.11
1275,Guatemala,7.92,7.58,7.17,7.58,7.33,7.17,8,8,8,6.83,75.58,0.11
1276,Guatemala,6.67,6.5,6.33,7,7.17,6.75,8.67,10,10,6.5,75.58,0.12
1277,Mexico,7.5,7.25,6.92,7,7.17,6.83,8,8,10,6.83,75.5,0.11
1278,Mexico,7.17,6.92,6.67,6.83,7.25,7.75,10,6,10,6.58,75.17,0.11
1279,Mexico,7.25,6.83,6.67,7.08,7.17,6.83,10,6.67,10,6.67,75.17,0.12
1280,Mexico,7.17,7.17,6.83,7.17,7.42,6.67,8.67,7.33,10,6.75,75.17,0.13
1281,Mexico,7,6.92,6.75,6.92,7.17,6.83,10,6.67,10,6.75,75,0.14
1282,Mexico,7.08,6.75,6.58,7,7,6.75,8.67,8.67,10,6.42,74.92,0.17
1283,Mexico,7.33,6.75,6.67,7.25,7.5,7,10,5.33,10,7,74.83,0.12
1284,Guatemala,6.75,6.5,6.17,7,7.25,6.75,8,10,10,6.33,74.75,0.11
1285,Guatemala,6.75,6.67,6.17,7.17,7,6.58,8,10,10,6.42,74.75,0.11
1286,Mexico,7.08,7,6.83,7.5,7.33,6.83,8,7.33,10,6.75,74.67,0.12
1287,United States (Hawaii),7.5,7.25,7,7.25,7.42,7.33,8,8.67,6.67,7.33,74.42,0
1288,Guatemala,6.5,6.33,6.5,7.5,7.33,6.83,8.67,10,8.67,6,74.33,0.11
1289,Mexico,7,6.58,6.67,6.83,7.08,6.83,10,6.67,10,6.67,74.33,0.14
1290,Mexico,6.92,6.42,6.17,7.33,7.25,6.75,10,6.67,10,6.5,74,0.13
1291,Mexico,7.67,7,7.17,7.58,7.33,7.33,10,2.67,10,7.08,73.83,0.12
1292,United States (Hawaii),7.17,7.17,7.17,7.58,7.67,6.92,9.33,6.67,6.67,7.33,73.67,0
1293,Brazil,7.25,6.58,6.58,7,7,6.42,8,8,10,6.67,73.5,0.11
1294,Honduras,7,7.17,6.83,7.17,7,7.17,8,8,8,7.08,73.42,0.11
1295,Mexico,7.08,7.08,6.92,7.08,6.92,6.92,8,8,8,6.92,72.92,0
1296,Colombia,8,7.33,7.75,7.33,7.42,7.67,6.67,6.67,6.67,7.33,72.83,0
1297,United States (Hawaii),6.92,6.92,6.92,7.5,7.58,7.17,6.67,6.67,9.33,6.92,72.58,0.11
1298,Haiti,6.92,6.75,7.08,7.17,7.33,6.67,10,5.33,8.67,6.42,72.33,0.08
1299,Costa Rica,6.33,6.5,6.33,6.83,6.33,6.5,10,6.67,10,6.25,71.75,0.11
1300,Mexico,6.92,6.92,6.92,6.92,7.17,7,10,2.67,10,6.58,71.08,0.12
1301,Mexico,6.5,6.67,6.42,7.17,7.33,6.5,8,6,10,6.42,71,0.11
1302,Mexico,6.92,7,6.83,6.92,7.42,6.92,6,6,10,6.75,70.75,0.12
1303,Brazil,7,7,6.83,7,7.33,6.83,6,6,10,6.67,70.67,0.11
1304,Honduras,6.67,6.5,6.17,6.67,6.83,6.17,8,8,8,6.33,69.33,0.1
1305,Honduras,7,6.17,6.17,6.67,6.5,6.17,8,8,8,6.5,69.17,0.1
1306,Honduras,7,6.33,6.17,6.5,6.67,6.17,8,8,8,6.33,69.17,0.1
1307,Mexico,7.08,6.83,6.25,7.42,7.25,6.75,10,0,10,6.75,68.33,0.11
1308,Haiti,6.75,6.58,6.42,6.67,7.08,6.67,9.33,6,6,6.42,67.92,0.14
1309,Nicaragua,7.25,6.58,6.33,6.25,6.42,6.08,6,6,6,6.17,63.08,0.13
1310,Guatemala,7.5,6.67,6.67,7.67,7.33,6.67,8,1.33,1.33,6.67,59.83,0.1
1312,Honduras,0,0,0,0,0,0,0,0,0,0,0,0.12